_vid_,inferred_val,inferred_val_idx,prob
0,2016-07-22t18:28:16-04:00,115,0.06034605950117111
1,female,0,0.9784502387046814
3,3,2,0.3406814634799957
4,['jd'],0,0.500028133392334
5,mr.,0,0.6602014303207397
6,2016-07-22t18:28:16-04:00,115,0.060303691774606705
7,male,0,0.984491765499115
9,1,0,0.3333333432674408
10,['jd'],0,0.5000176429748535
11,mr.,0,0.7442909479141235
12,2016-07-22t18:28:16-04:00,115,0.06037386134266853
13,female,0,0.9830251932144165
15,1,0,0.3333333432674408
16,['jd'],0,0.500028133392334
17,mr.,0,0.7873990535736084
18,2016-07-22t18:28:16-04:00,115,0.06037365272641182
19,male,0,0.984491765499115
21,1,0,0.3333333432674408
22,['jd'],0,0.5000176429748535
23,mr.,0,0.7442909479141235
24,2016-07-22t18:28:16-04:00,115,0.060373395681381226
25,male,0,0.9844887256622314
26,m,0,0.5677874088287354
27,1,0,0.3333333432674408
28,['jd'],0,0.5000176429748535
29,ms.,2,0.5604718327522278
31,male,1,0.9784848093986511
33,1,0,0.3333333432674408
34,['jd'],0,0.5000176429748535
35,mr.,0,0.733096718788147
36,2016-07-22t18:28:16-04:00,115,0.060346052050590515
37,female,0,0.9814972877502441
39,1,0,0.3333333432674408
41,mr.,0,0.7115397453308105
42,2016-07-22t18:28:16-04:00,115,0.060248106718063354
43,female,0,0.9808269739151001
45,1,0,0.3333333432674408
46,['jd'],0,0.5000414848327637
47,ms.,1,0.9827448725700378
48,2016-07-22t18:28:16-04:00,115,0.06037350744009018
49,male,0,0.9844934940338135
50,s,1,0.9380562901496887
51,1,0,0.3333333432674408
52,['jd'],0,0.5000176429748535
53,mr.,0,0.5944799780845642
54,2016-07-22t18:28:16-04:00,115,0.060226961970329285
55,male,1,0.9757900238037109
57,1,0,0.33382105827331543
58,['jd'],0,0.5000176429748535
59,mr.,0,0.6810274124145508
60,2016-07-22t18:28:16-04:00,115,0.06024061515927315
61,male,1,0.9799349904060364
63,1,0,0.3333333432674408
64,['jd'],0,0.5000176429748535
65,mr.,0,0.6173373460769653
66,2016-07-22t18:28:16-04:00,115,0.060342106968164444
67,male,1,0.976942777633667
69,2,1,0.33359602093696594
70,['jd'],0,0.5000176429748535
71,mr.,0,0.6903935670852661
72,2016-07-22t18:28:16-04:00,115,0.060240574181079865
73,female,0,0.9799897074699402
74,m,0,0.5707591772079468
75,1,0,0.3333333432674408
76,['jd'],0,0.500028133392334
77,ms.,2,0.5039113759994507
78,2016-07-22t18:28:16-04:00,115,0.06025385484099388
79,female,0,0.9796984195709229
81,1,0,0.3333333432674408
82,['jd'],0,0.5000414848327637
83,ms.,1,0.9765661954879761
84,2016-07-22t18:28:16-04:00,115,0.060372792184352875
85,female,0,0.9850231409072876
87,1,0,0.3333333432674408
88,['jd'],0,0.5000414848327637
89,ms.,1,0.9754143357276917
90,2016-07-22t18:28:16-04:00,115,0.06031791865825653
91,male,1,0.9647803902626038
92,s,1,0.9642682075500488
93,2,1,0.34257420897483826
94,['jd'],0,0.5000176429748535
95,mr.,0,0.547366738319397
96,2016-07-22t18:28:16-04:00,115,0.06027670577168465
97,male,1,0.9657333493232727
98,s,1,0.9739974141120911
99,1,0,0.3333333432674408
100,['jd'],0,0.5000176429748535
101,mr.,0,0.5621178150177002
102,2016-07-22t18:28:16-04:00,115,0.060706086456775665
103,female,0,0.9825652837753296
105,2,1,0.33348169922828674
106,['jd'],0,0.5000414848327637
107,ms.,1,0.9801244735717773
108,2016-07-22t18:28:16-04:00,115,0.060372792184352875
109,female,0,0.977963924407959
111,1,0,0.3333333432674408
112,['jd'],0,0.5000414848327637
113,ms.,1,0.9722212553024292
114,2016-07-22t18:28:16-04:00,115,0.060372792184352875
115,female,0,0.9850231409072876
117,1,0,0.3333333432674408
118,['jd'],0,0.5000414848327637
119,ms.,1,0.9459347724914551
121,female,0,0.981381893157959
123,1,0,0.3333333432674408
124,['jd'],0,0.5000414848327637
125,ms.,1,0.9532415866851807
126,2016-07-22t18:28:16-04:00,115,0.05994214117527008
127,male,1,0.9818969964981079
129,1,0,0.3333333432674408
130,['jd'],0,0.5000176429748535
131,mr.,0,0.7442909479141235
133,male,1,0.9826662540435791
135,1,0,0.3333333432674408
136,['jd'],0,0.5000176429748535
137,mr.,0,0.6382537484169006
138,2016-07-22t18:28:16-04:00,115,0.060373611748218536
139,female,0,0.9772498607635498
140,m,0,0.5727076530456543
141,1,0,0.3333333432674408
142,['jd'],0,0.500028133392334
143,ms.,2,0.4946192502975464
144,2016-07-22t18:28:16-04:00,115,0.060255832970142365
145,male,1,0.9782226085662842
146,s,1,0.9521514773368835
147,1,0,0.3333333432674408
148,['jd'],0,0.5000176429748535
149,mr.,0,0.5353128910064697
150,2016-07-22t18:28:16-04:00,115,0.060373611748218536
151,female,0,0.9834142327308655
152,1,0,0.3333333432674408
153,['jd'],0,0.500028133392334
154,ms.,2,0.5072994828224182
155,2016-07-22t18:28:16-04:00,115,0.06037365272641182
156,male,1,0.9723663330078125
158,1,0,0.3333333432674408
159,['jd'],0,0.5000176429748535
160,mr.,0,0.7442909479141235
161,2016-07-22t18:28:16-04:00,115,0.0602489598095417
162,male,1,0.9683959484100342
164,1,0,0.3333333432674408
165,['jd'],0,0.5000176429748535
166,mr.,0,0.6374633312225342
167,2016-07-22t18:28:16-04:00,115,0.060373395681381226
168,male,0,0.9844887256622314
169,1,0,0.3333333432674408
170,['jd'],0,0.5000176429748535
172,female,0,0.9854211211204529
174,1,0,0.3333333432674408
175,['jd'],0,0.500028133392334
176,mr.,0,0.7775275707244873
177,2016-07-22t18:28:16-04:00,115,0.060327738523483276
178,female,0,0.9830251932144165
180,1,0,0.3333333432674408
181,['jd'],0,0.500028133392334
182,mr.,0,0.7555704116821289
183,2016-07-22t18:28:16-04:00,115,0.060373395681381226
184,male,0,0.9829736948013306
185,m,0,0.5943814516067505
186,1,0,0.3333333432674408
187,['jd'],0,0.5000176429748535
188,ms.,2,0.59718918800354
189,2016-07-22t18:28:16-04:00,115,0.06037386134266853
190,female,0,0.9802056550979614
192,1,0,0.3333333432674408
193,['jd'],0,0.500028133392334
194,mr.,0,0.7040627598762512
195,2016-07-22t18:28:16-04:00,115,0.060214027762413025
196,female,0,0.9732147455215454
198,1,0,0.3333333432674408
199,['jd'],0,0.500028133392334
200,mr.,0,0.7873990535736084
202,female,0,0.9854196906089783
203,m,0,0.5706315040588379
204,1,0,0.3333333432674408
205,['jd'],0,0.500028133392334
206,ms.,2,0.5056514739990234
207,2016-07-22t18:28:16-04:00,115,0.06033865362405777
208,male,0,0.9821659922599792
210,1,0,0.3333333432674408
211,['jd'],0,0.5000176429748535
212,mr.,0,0.6303143501281738
213,2016-07-22t18:28:16-04:00,115,0.06031475588679314
214,male,1,0.974212646484375
216,1,0,0.3333333432674408
217,['jd'],0,0.5000176429748535
218,mr.,0,0.5756471753120422
220,male,1,0.981513500213623
222,1,0,0.3333333432674408
223,['jd'],0,0.5000176429748535
224,mr.,0,0.6070076823234558
225,2016-07-22t18:28:16-04:00,115,0.06016838550567627
226,female,0,0.9845356345176697
228,1,0,0.3333333432674408
229,['jd'],0,0.500028133392334
230,mr.,0,0.7132155299186707
231,2016-07-22t18:28:16-04:00,115,0.06031475588679314
232,male,1,0.9708611369132996
234,1,0,0.3333333432674408
235,['jd'],0,0.5000176429748535
236,mr.,0,0.724885106086731
237,2016-07-22t18:28:16-04:00,115,0.060706380754709244
238,male,1,0.9792286157608032
240,2,1,0.33348169922828674
241,['jd'],0,0.5000176429748535
242,ms.,1,0.5630668997764587
243,2016-07-22t18:28:16-04:00,115,0.060707058757543564
244,male,0,0.9823810458183289
246,2,1,0.33348169922828674
247,['jd'],0,0.5000176429748535
248,mr.,0,0.7083985805511475
249,2016-07-22t18:28:16-04:00,115,0.06037365272641182
250,male,0,0.984491765499115
252,1,0,0.3333333432674408
253,['jd'],0,0.5000176429748535
254,mr.,0,0.7442909479141235
255,2016-07-22t18:28:16-04:00,115,0.060168035328388214
256,male,1,0.9799371361732483
257,s,1,0.9497067928314209
258,1,0,0.3333333432674408
259,['jd'],0,0.5000176429748535
260,mr.,0,0.5944799780845642
261,2016-07-22t18:28:16-04:00,115,0.06037365272641182
262,male,0,0.984491765499115
264,1,0,0.3333333432674408
265,['jd'],0,0.5000176429748535
266,mr.,0,0.7442909479141235
267,2016-07-22t18:28:16-04:00,115,0.06034655123949051
268,female,0,0.9792348146438599
270,1,0,0.3333333432674408
271,['jd'],0,0.500028133392334
272,mr.,0,0.7465224862098694
273,2016-07-22t18:28:16-04:00,115,0.06029363349080086
274,male,1,0.9731394648551941
276,1,0,0.3333333432674408
277,['jd'],0,0.5000176429748535
278,mr.,0,0.690590500831604
279,2016-07-22t18:28:16-04:00,115,0.060216594487428665
280,female,0,0.9781981706619263
282,3,2,0.3415837287902832
283,['jd'],0,0.5000414848327637
284,ms.,1,0.9664514064788818
285,2016-07-22t18:28:16-04:00,115,0.06016838550567627
286,female,0,0.9802056550979614
288,1,0,0.3333333432674408
289,['jd'],0,0.500028133392334
290,mr.,0,0.7040627598762512
291,2016-07-22t18:28:16-04:00,115,0.060706909745931625
292,female,0,0.981997549533844
293,2,1,0.33348169922828674
294,['jd'],0,0.500028133392334
295,2016-07-22t18:28:16-04:00,115,0.060297343879938126
296,male,1,0.9818935394287109
297,m,0,0.5666664838790894
298,1,0,0.3333333432674408
299,['jd'],0,0.5000176429748535
300,ms.,2,0.554674506187439
302,female,0,0.9699022769927979
304,2,1,0.33348169922828674
305,['jd'],0,0.500028133392334
306,mr.,0,0.6918365955352783
307,2016-07-22t18:28:16-04:00,115,0.060373395681381226
308,male,1,0.9817118644714355
309,m,0,0.5636499524116516
310,1,0,0.3333333432674408
311,['jd'],0,0.5000176429748535
312,ms.,2,0.5709359049797058
313,2016-07-22t18:28:16-04:00,115,0.06062626466155052
314,male,1,0.9755361676216125
315,m,0,0.5766147375106812
316,2,1,0.33348169922828674
317,['jd'],0,0.5000176429748535
318,ms.,2,0.5702033042907715
319,2016-07-22t18:28:16-04:00,115,0.06037365272641182
320,male,0,0.984491765499115
322,1,0,0.3333333432674408
323,['jd'],0,0.5000176429748535
324,mr.,0,0.7442909479141235
325,2016-07-22t18:28:16-04:00,115,0.06029363349080086
326,male,1,0.9766144156455994
328,1,0,0.3333333432674408
329,['jd'],0,0.5000176429748535
330,mr.,0,0.7442909479141235
331,2016-07-22t18:28:16-04:00,115,0.06029780954122543
332,female,0,0.975191056728363
334,1,0,0.3333333432674408
335,['jd'],0,0.500028133392334
336,mr.,0,0.6947635412216187
337,2016-07-22t18:28:16-04:00,115,0.060373611748218536
338,female,0,0.9845342636108398
339,1,0,0.3333333432674408
340,['jd'],0,0.500028133392334
341,2016-07-22t18:28:16-04:00,115,0.06011560931801796
342,female,0,0.974953830242157
344,1,0,0.3333333432674408
345,['jd'],0,0.5000414848327637
346,ms.,1,0.9459347724914551
347,2016-07-22t18:28:16-04:00,115,0.06029384210705757
348,female,0,0.976428747177124
350,1,0,0.3333333432674408
351,['jd'],0,0.500028133392334
352,mr.,0,0.7643293142318726
354,female,0,0.9735162258148193
356,1,0,0.3333333432674408
357,['jd'],0,0.500028133392334
358,mr.,0,0.6426743268966675
359,2016-07-22t18:28:16-04:00,115,0.06031806394457817
360,male,1,0.9783892631530762
362,1,0,0.3333333432674408
363,['jd'],0,0.5000176429748535
364,mr.,0,0.715810239315033
365,2016-07-22t18:28:16-04:00,115,0.06029745563864708
366,male,1,0.9768480062484741
367,s,1,0.9608421921730042
368,1,0,0.3333333432674408
369,['jd'],0,0.5000176429748535
370,mr.,0,0.5071091651916504
372,male,0,0.9839471578598022
373,1,0,0.3333333432674408
374,['jd'],0,0.5000176429748535
375,2016-07-22t18:28:16-04:00,115,0.060248106718063354
376,female,0,0.9827757477760315
378,1,0,0.3333333432674408
379,['jd'],0,0.5000414848327637
380,ms.,1,0.9754143357276917
381,2016-07-22t18:28:16-04:00,115,0.06037365272641182
382,male,1,0.9817154407501221
384,1,0,0.3333333432674408
385,['jd'],0,0.5000176429748535
386,mr.,0,0.690590500831604
387,2016-07-22t18:28:16-04:00,115,0.06037386134266853
388,female,0,0.9709426760673523
390,1,0,0.3333333432674408
391,['jd'],0,0.500028133392334
392,mr.,0,0.7873990535736084
393,2016-07-22t18:28:16-04:00,115,0.06021203100681305
394,male,1,0.974212646484375
396,1,0,0.3333333432674408
397,['jd'],0,0.5000176429748535
398,mr.,0,0.6650881767272949
399,2016-07-22t18:28:16-04:00,115,0.060161396861076355
400,female,0,0.9817652702331543
401,s,1,0.9401148557662964
402,1,0,0.3333333432674408
403,['jd'],0,0.500028133392334
404,ms.,2,0.47519275546073914
406,male,1,0.9705430269241333
408,1,0,0.3333333432674408
409,['jd'],0,0.5000176429748535
410,mr.,0,0.6567502617835999
411,2016-07-22t18:28:16-04:00,115,0.060161296278238297
412,male,1,0.9771903157234192
413,s,1,0.9566149115562439
414,1,0,0.3333333432674408
415,['jd'],0,0.5000176429748535
416,mr.,0,0.5944799780845642
417,2016-07-22t18:28:16-04:00,115,0.06037386134266853
418,female,0,0.9802056550979614
420,1,0,0.3333333432674408
421,['jd'],0,0.500028133392334
422,mr.,0,0.7132155299186707
424,female,0,0.9854211211204529
426,1,0,0.3333333432674408
427,['jd'],0,0.500028133392334
428,mr.,0,0.7775275707244873
429,2016-07-22t18:28:16-04:00,115,0.06037386134266853
430,female,0,0.9845356345176697
432,1,0,0.3333333432674408
433,['jd'],0,0.500028133392334
434,mr.,0,0.6271607875823975
436,female,0,0.9809117317199707
438,1,0,0.3333333432674408
439,['jd'],0,0.500028133392334
440,mr.,0,0.7403808236122131
441,2016-07-22t18:28:16-04:00,115,0.060373082756996155
442,male,1,0.9740666151046753
444,1,0,0.3333333432674408
445,['jd'],0,0.5000176429748535
446,mr.,0,0.5489927530288696
447,2016-07-22t18:28:16-04:00,115,0.06032666563987732
448,female,0,0.9830251932144165
450,1,0,0.3333333432674408
451,['jd'],0,0.500028133392334
452,mr.,0,0.7132155299186707
453,2016-07-22t18:28:16-04:00,115,0.060254573822021484
454,male,1,0.9683995246887207
455,s,1,0.9526396989822388
456,1,0,0.3333333432674408
457,['jd'],0,0.5000176429748535
458,ms.,1,0.6631199717521667
459,2016-07-22t18:28:16-04:00,115,0.060248397290706635
460,male,0,0.984486997127533
462,1,0,0.3333333432674408
463,['jd'],0,0.5000176429748535
464,mr.,0,0.5686277151107788
465,2016-07-22t18:28:16-04:00,115,0.06037386134266853
466,female,0,0.9732147455215454
468,1,0,0.3333333432674408
469,['jd'],0,0.500028133392334
470,mr.,0,0.5938512682914734
472,female,0,0.9858810901641846
474,1,0,0.3333333432674408
475,['jd'],0,0.5000414848327637
476,ms.,1,0.9876602292060852
477,2016-07-22t18:28:16-04:00,115,0.06034580245614052
478,female,0,0.9784481525421143
479,m,0,0.60872882604599
480,1,0,0.3333333432674408
481,['jd'],0,0.500028133392334
482,ms.,2,0.48064860701560974
483,2016-07-22t18:28:16-04:00,115,0.0603732131421566
484,female,0,0.971484899520874
485,s,1,0.9140631556510925
486,1,0,0.3333333432674408
487,['jd'],0,0.5000414848327637
488,ms.,1,0.966451108455658
489,2016-07-22t18:28:16-04:00,115,0.060372792184352875
490,female,0,0.9791867733001709
492,1,0,0.3333333432674408
493,['jd'],0,0.5000414848327637
494,ms.,1,0.9848575592041016
495,2016-07-22t18:28:16-04:00,115,0.060345910489559174
496,female,0,0.9829282164573669
497,s,1,0.9156503677368164
498,1,0,0.3333333432674408
499,['jd'],0,0.5013236999511719
500,ms.,1,0.9689934253692627
501,2016-07-22t18:28:16-04:00,115,0.060373611748218536
502,female,0,0.9845342636108398
503,1,0,0.3333333432674408
504,['jd'],0,0.500028133392334
506,male,1,0.9736441969871521
508,1,0,0.3333333432674408
509,['jd'],0,0.5000176429748535
510,mr.,0,0.5488675832748413
511,2016-07-22t18:28:16-04:00,115,0.060205232352018356
512,female,0,0.9780263304710388
513,m,0,0.578733503818512
514,1,0,0.3333333432674408
515,['jd'],0,0.500028133392334
516,ms.,2,0.5044017434120178
518,male,0,0.9853796362876892
520,1,0,0.3333333432674408
521,['jd'],0,0.5000176429748535
522,mr.,0,0.733096718788147
524,female,0,0.9813342690467834
526,1,0,0.3333333432674408
527,['jd'],0,0.500028133392334
528,mr.,0,0.7411938905715942
529,2016-07-22t18:28:16-04:00,115,0.06037386134266853
530,female,0,0.9812373518943787
532,1,0,0.3333333432674408
533,['jd'],0,0.500028133392334
534,mr.,0,0.7873990535736084
535,2016-07-22t18:28:16-04:00,115,0.06037365272641182
536,male,1,0.9692287445068359
538,1,0,0.3333333432674408
539,['jd'],0,0.5000176429748535
540,mr.,0,0.5589684247970581
541,2016-07-22t18:28:16-04:00,115,0.06037386134266853
542,female,0,0.9778914451599121
544,1,0,0.3333333432674408
545,['jd'],0,0.500028133392334
546,mr.,0,0.7643293142318726
547,2016-07-22t18:28:16-04:00,115,0.060266897082328796
548,male,1,0.981613039970398
549,m,0,0.5677874088287354
550,1,0,0.3333333432674408
551,['jd'],0,0.5000176429748535
552,ms.,2,0.5604718327522278
553,2016-07-22t18:28:16-04:00,115,0.06037386134266853
554,female,0,0.9845356345176697
556,1,0,0.3333333432674408
557,['jd'],0,0.500028133392334
558,mr.,0,0.7040627598762512
559,2016-07-22t18:28:16-04:00,115,0.060372792184352875
560,female,0,0.9850231409072876
562,1,0,0.3333333432674408
563,['jd'],0,0.5000414848327637
564,ms.,1,0.985218346118927
565,2016-07-22t18:28:16-04:00,115,0.06022126227617264
566,male,1,0.975921094417572
568,1,0,0.3333333432674408
569,['jd'],0,0.5000176429748535
570,mr.,0,0.6945617198944092
571,2016-07-22t18:28:16-04:00,115,0.060707274824380875
572,female,0,0.976975679397583
574,2,1,0.33348169922828674
575,['jd'],0,0.500028133392334
576,mr.,0,0.7040624022483826
578,female,0,0.9828081727027893
580,1,0,0.3333333432674408
581,['jd'],0,0.500028133392334
582,mr.,0,0.7537216544151306
583,2016-07-22t18:28:16-04:00,115,0.06037365272641182
584,male,1,0.9801495671272278
586,1,0,0.3333333432674408
587,['jd'],0,0.5000176429748535
588,mr.,0,0.7045914530754089
589,2016-07-22t18:28:16-04:00,115,0.06037386134266853
590,female,0,0.9732147455215454
592,1,0,0.3333333432674408
593,['jd'],0,0.500028133392334
594,mr.,0,0.6911066174507141
595,2016-07-22t18:28:16-04:00,115,0.06028076261281967
596,female,0,0.9811574816703796
598,1,0,0.34094545245170593
599,['jd'],0,0.500028133392334
600,mr.,0,0.7595133185386658
601,2016-07-22t18:28:16-04:00,115,0.06027685105800629
602,male,1,0.9817154407501221
604,1,0,0.3333333432674408
605,['jd'],0,0.5000176429748535
606,mr.,0,0.690590500831604
607,2016-07-22t18:28:16-04:00,115,0.06037365272641182
608,male,0,0.984491765499115
610,1,0,0.3333333432674408
611,['jd'],0,0.5000176429748535
612,mr.,0,0.7442909479141235
613,2016-07-22t18:28:16-04:00,115,0.06037386134266853
614,female,0,0.9830251932144165
616,1,0,0.3333333432674408
617,['jd'],0,0.500028133392334
618,mr.,0,0.7132155299186707
619,2016-07-22t18:28:16-04:00,115,0.060707058757543564
620,male,0,0.9823810458183289
622,2,1,0.33348169922828674
623,['jd'],0,0.5000176429748535
624,mr.,0,0.7083985805511475
626,female,0,0.9725847840309143
628,1,0,0.3333333432674408
629,['jd'],0,0.500028133392334
630,mr.,0,0.7775275707244873
631,2016-07-22t18:28:16-04:00,115,0.06037386134266853
632,female,0,0.9802056550979614
634,1,0,0.3333333432674408
635,['jd'],0,0.500028133392334
636,mr.,0,0.7916946411132812
637,2016-07-22t18:28:16-04:00,115,0.060373082756996155
638,male,1,0.9801436066627502
640,1,0,0.3333333432674408
641,['jd'],0,0.5000176429748535
642,mr.,0,0.5192708969116211
643,2016-07-22t18:28:16-04:00,115,0.06007465720176697
644,female,0,0.9828264117240906
646,1,0,0.3333333432674408
647,['jd'],0,0.500028133392334
648,mr.,0,0.7513731718063354
650,female,0,0.9792176485061646
652,1,0,0.3333333432674408
653,['jd'],0,0.5000414848327637
654,ms.,1,0.9706111550331116
655,2016-07-22t18:28:16-04:00,115,0.060373395681381226
656,male,1,0.9683900475502014
657,s,1,0.9443112015724182
658,1,0,0.3333333432674408
659,['jd'],0,0.5046910047531128
660,ms.,1,0.833407461643219
662,male,0,0.9845377206802368
664,1,0,0.3333333432674408
665,['jd'],0,0.5000176429748535
666,mr.,0,0.6885743737220764
667,2016-07-22t18:28:16-04:00,115,0.060240574181079865
668,female,0,0.9741447567939758
669,s,1,0.9151244163513184
670,1,0,0.3333333432674408
671,['jd'],0,0.500028133392334
672,ms.,2,0.4842697083950043
673,2016-07-22t18:28:16-04:00,115,0.060151997953653336
674,male,1,0.9628357291221619
676,1,0,0.3333333432674408
677,['jd'],0,0.5000176429748535
678,mr.,0,0.5686277151107788
679,2016-07-22t18:28:16-04:00,115,0.060707058757543564
680,male,0,0.9823810458183289
682,2,1,0.33348169922828674
683,['jd'],0,0.5000176429748535
684,mr.,0,0.7083985805511475
685,2016-07-22t18:28:16-04:00,115,0.06033945456147194
686,male,1,0.9798266887664795
688,1,0,0.3333333432674408
689,['jd'],0,0.5000176429748535
690,mr.,0,0.6650881767272949
692,male,1,0.9784871935844421
693,s,1,0.9668827652931213
694,1,0,0.3333333432674408
695,['jd'],0,0.5000176429748535
696,mr.,0,0.5804245471954346
697,2016-07-22t18:28:16-04:00,115,0.06009579822421074
698,male,1,0.9801495671272278
700,1,0,0.3333333432674408
701,['jd'],0,0.5000176429748535
702,mr.,0,0.7442909479141235
703,2016-07-22t18:28:16-04:00,115,0.06037386134266853
704,female,0,0.9802056550979614
706,1,0,0.34094545245170593
707,['jd'],0,0.500028133392334
708,mr.,0,0.7873990535736084
709,2016-07-22t18:28:16-04:00,115,0.060161150991916656
710,female,0,0.9741472601890564
712,1,0,0.3333333432674408
713,['jd'],0,0.500028133392334
714,mr.,0,0.7071325778961182
715,2016-07-22t18:28:16-04:00,115,0.06003758683800697
716,female,0,0.9802037477493286
717,m,0,0.5695936679840088
718,1,0,0.3333333432674408
719,['jd'],0,0.500028133392334
720,ms.,1,0.8908694982528687
721,2016-07-22t18:28:16-04:00,115,0.06016118451952934
722,male,1,0.9817118644714355
723,s,1,0.9342811703681946
724,1,0,0.3333333432674408
725,['jd'],0,0.5000176429748535
726,ms.,1,0.8565516471862793
727,2016-07-22t18:28:16-04:00,115,0.060373395681381226
728,male,1,0.9817118644714355
729,m,0,0.5636499524116516
730,1,0,0.3333333432674408
731,['jd'],0,0.5000176429748535
732,ms.,2,0.5778589844703674
733,2016-07-22t18:28:16-04:00,115,0.06013752147555351
734,female,0,0.9757862687110901
736,1,0,0.3333333432674408
737,['jd'],0,0.5000414848327637
738,ms.,1,0.9733938574790955
739,2016-07-22t18:28:16-04:00,115,0.0602770671248436
740,female,0,0.9772520065307617
742,1,0,0.3333333432674408
743,['jd'],0,0.500028133392334
744,mr.,0,0.7873990535736084
745,2016-07-22t18:28:16-04:00,115,0.06024060770869255
746,male,0,0.984491765499115
748,1,0,0.3333333432674408
749,['jd'],0,0.5000176429748535
750,mr.,0,0.7442909479141235
751,2016-07-22t18:28:16-04:00,115,0.06037350744009018
752,male,1,0.9628508687019348
753,s,1,0.9318199157714844
754,1,0,0.3333333432674408
755,['jd'],0,0.5000176429748535
756,ms.,1,0.6169984936714172
757,2016-07-22t18:28:16-04:00,115,0.06070651486515999
758,female,0,0.9794426560401917
759,s,1,0.9298432469367981
760,2,1,0.33348169922828674
761,['jd'],0,0.5000414848327637
762,ms.,1,0.9526990056037903
764,female,0,0.9854211211204529
766,1,0,0.3333333432674408
767,['jd'],0,0.500028133392334
768,mr.,0,0.7775275707244873
769,2016-07-22t18:28:16-04:00,115,0.060373395681381226
770,male,1,0.9718679189682007
771,m,0,0.5687052011489868
772,1,0,0.3333333432674408
773,['jd'],0,0.5000176429748535
774,ms.,1,0.8489875793457031
775,2016-07-22t18:28:16-04:00,115,0.06037386134266853
776,female,0,0.9817669987678528
778,1,0,0.3333333432674408
779,['jd'],0,0.500028133392334
780,mr.,0,0.7395840883255005
781,2016-07-22t18:28:16-04:00,115,0.06034635007381439
782,male,1,0.976975679397583
784,1,0,0.3333333432674408
785,['jd'],0,0.5000176429748535
786,mr.,0,0.7093700170516968
787,2016-07-22t18:28:16-04:00,115,0.06032641604542732
788,female,0,0.9695732593536377
789,1,0,0.3333333432674408
790,['jd'],0,0.500028133392334
791,ms.,2,0.4985384941101074
792,2016-07-22t18:28:16-04:00,115,0.06029358506202698
793,female,0,0.9746389389038086
794,s,1,0.9445545673370361
795,2,1,0.3382232189178467
796,['jd'],0,0.500028133392334
797,ms.,1,0.7921221256256104
798,2016-07-22t18:28:16-04:00,115,0.06016818434000015
799,male,1,0.9801495671272278
801,1,0,0.3333333432674408
802,['jd'],0,0.5000176429748535
803,mr.,0,0.7442909479141235
805,male,1,0.9810730218887329
807,1,0,0.3333333432674408
808,['jd'],0,0.5000176429748535
809,ms.,1,0.5191932916641235
810,2016-07-22t18:28:16-04:00,115,0.060373611748218536
811,female,0,0.9845342636108398
812,m,0,0.5727076530456543
813,1,0,0.3333333432674408
814,['jd'],0,0.500028133392334
815,ms.,2,0.4946192502975464
816,2016-07-22t18:28:16-04:00,115,0.060276713222265244
817,male,1,0.9784552454948425
818,s,1,0.9713597893714905
819,1,0,0.3333333432674408
820,['jd'],0,0.5000176429748535
821,mr.,0,0.5944799780845642
822,2016-07-22t18:28:16-04:00,115,0.060373082756996155
823,male,0,0.9821604490280151
825,1,0,0.3333333432674408
826,['jd'],0,0.5000176429748535
827,ms.,1,0.5213097929954529
828,2016-07-22t18:28:16-04:00,115,0.0603732131421566
829,female,0,0.9769101142883301
830,s,0,0.7706676721572876
831,1,0,0.3333333432674408
832,['jd'],0,0.5000414848327637
833,ms.,1,0.9692027568817139
834,2016-07-22t18:28:16-04:00,115,0.060373611748218536
835,female,0,0.9802037477493286
836,m,0,0.5751574039459229
837,1,0,0.3333333432674408
838,['jd'],0,0.500028133392334
839,ms.,2,0.48038920760154724
841,male,1,0.9798807501792908
843,1,0,0.3333333432674408
844,['jd'],0,0.5000176429748535
845,mr.,0,0.733096718788147
846,2016-07-22t18:28:16-04:00,115,0.060373395681381226
847,male,0,0.9844887256622314
848,1,0,0.3333333432674408
849,['jd'],0,0.5000176429748535
851,female,0,0.98338782787323
853,1,0,0.3333333432674408
854,['jd'],0,0.500028133392334
855,mr.,0,0.7604057788848877
856,2016-07-22t18:28:16-04:00,115,0.06030489131808281
857,male,1,0.9769028425216675
859,1,0,0.3333333432674408
860,['jd'],0,0.5000176429748535
861,mr.,0,0.6608989834785461
862,2016-07-22t18:28:16-04:00,115,0.0601930133998394
863,female,0,0.9744222164154053
865,1,0,0.3333333432674408
866,['jd'],0,0.500028133392334
867,mr.,0,0.7643293142318726
869,male,0,0.9827083945274353
871,1,0,0.3333333432674408
872,['jd'],0,0.5000176429748535
873,mr.,0,0.733096718788147
874,2016-07-22t18:28:16-04:00,115,0.060342323035001755
875,female,0,0.9824063777923584
877,2,1,0.33359602093696594
878,['jd'],0,0.500028133392334
879,mr.,0,0.6779102087020874
881,male,1,0.9787105917930603
882,m,0,0.5709065198898315
883,1,0,0.3333333432674408
884,['jd'],0,0.5000176429748535
885,ms.,2,0.5418635010719299
886,2016-07-22t18:28:16-04:00,115,0.060249172151088715
887,female,0,0.9845356345176697
889,1,0,0.3333333432674408
890,['jd'],0,0.500028133392334
891,mr.,0,0.67242830991745
893,female,0,0.9802641868591309
895,1,0,0.3333333432674408
896,['jd'],0,0.501765251159668
897,mr.,0,0.7515131831169128
899,male,1,0.9763574004173279
901,1,0,0.3333333432674408
902,['jd'],0,0.5000176429748535
903,mr.,0,0.5868988633155823
905,male,1,0.9790686368942261
907,1,0,0.3333333432674408
908,['jd'],0,0.5000176429748535
909,ms.,1,0.5627477765083313
910,2016-07-22t18:28:16-04:00,115,0.060314714908599854
911,female,0,0.9776130318641663
912,m,0,0.5762314200401306
913,1,0,0.3333333432674408
914,['jd'],0,0.500028133392334
915,ms.,2,0.4725070297718048
916,2016-07-22t18:28:16-04:00,115,0.060173150151968
917,male,0,0.984491765499115
919,1,0,0.3333333432674408
920,['jd'],0,0.5000176429748535
921,mr.,0,0.7442909479141235
923,male,1,0.9769369959831238
925,1,0,0.3333333432674408
926,['jd'],0,0.5000176429748535
927,mr.,0,0.733096718788147
928,2016-07-22t18:28:16-04:00,115,0.060373611748218536
929,female,0,0.9802037477493286
930,1,0,0.3333333432674408
931,['jd'],0,0.500028133392334
932,2016-07-22t18:28:16-04:00,115,0.060371436178684235
933,female,0,0.977959930896759
935,false,0,0.5
937,['jd'],0,0.5000386238098145
938,ms.,1,0.951232373714447
939,2016-07-22t18:28:16-04:00,115,0.0603732131421566
940,female,0,0.9839313626289368
941,s,0,0.6869520545005798
942,1,0,0.3333333432674408
943,['jd'],0,0.5000414848327637
944,ms.,0,0.9799965620040894
946,male,1,0.9784848093986511
948,1,0,0.3333333432674408
949,['jd'],0,0.5000176429748535
950,mr.,0,0.590546727180481
951,2016-07-22t18:28:16-04:00,115,0.06070680543780327
952,male,1,0.9774641394615173
953,s,1,0.9553266763687134
954,2,1,0.33348169922828674
955,['jd'],0,0.5000176429748535
956,mr.,0,0.5502656102180481
957,2016-07-22t18:28:16-04:00,115,0.06003676727414131
958,female,0,0.9808269739151001
960,1,0,0.3333333432674408
961,['jd'],0,0.5000414848327637
962,ms.,1,0.9591855406761169
963,2016-07-22t18:28:16-04:00,115,0.060707058757543564
964,male,1,0.9792349338531494
966,2,1,0.33348169922828674
967,['jd'],0,0.5000176429748535
968,mr.,0,0.671079158782959
969,2016-07-22t18:28:16-04:00,115,0.06031472235918045
970,female,0,0.9802037477493286
971,m,0,0.6007992625236511
972,1,0,0.3333333432674408
973,['jd'],0,0.500028133392334
974,ms.,2,0.5337719917297363
976,male,1,0.9810787439346313
978,1,0,0.3333333432674408
979,['jd'],0,0.5000176429748535
980,mr.,0,0.6035457849502563
981,2016-07-22t18:28:16-04:00,115,0.06037365272641182
982,male,0,0.984491765499115
984,1,0,0.3333333432674408
985,['jd'],0,0.5000176429748535
986,mr.,0,0.7442909479141235
987,2016-07-22t18:28:16-04:00,115,0.06024060770869255
988,male,1,0.9799349904060364
990,1,0,0.3333333432674408
991,['jd'],0,0.5000176429748535
992,mr.,0,0.6173373460769653
993,2016-07-22t18:28:16-04:00,115,0.06037365272641182
994,male,0,0.984491765499115
996,1,0,0.3333333432674408
997,['jd'],0,0.5000176429748535
998,mr.,0,0.7442909479141235
999,2016-07-22t18:28:16-04:00,115,0.060373082756996155
1000,male,0,0.984486997127533
1002,1,0,0.3333333432674408
1003,['jd'],0,0.5000176429748535
1004,mr.,0,0.5686277151107788
1005,2016-07-22t18:28:16-04:00,115,0.060293376445770264
1006,male,1,0.9817118644714355
1007,m,0,0.5636499524116516
1008,1,0,0.3333333432674408
1009,['jd'],0,0.5000176429748535
1010,ms.,1,0.8905903100967407
1011,2016-07-22t18:28:16-04:00,115,0.06070680543780327
1012,male,1,0.9734635353088379
1013,s,1,0.9499685764312744
1014,2,1,0.33348169922828674
1015,['jd'],0,0.5000176429748535
1016,ms.,1,0.5367724895477295
1018,female,0,0.9785454273223877
1020,1,0,0.3333333432674408
1021,['jd'],0,0.500028133392334
1022,mr.,0,0.6918361783027649
1023,2016-07-22t18:28:16-04:00,115,0.06037386134266853
1024,female,0,0.9845356345176697
1026,1,0,0.3333333432674408
1027,['jd'],0,0.500028133392334
1028,mr.,0,0.7873990535736084
1029,2016-07-22t18:28:16-04:00,115,0.060372792184352875
1030,female,0,0.977963924407959
1032,1,0,0.3333333432674408
1034,ms.,1,0.9555746912956238
1035,2016-07-22t18:28:16-04:00,115,0.06062626466155052
1036,male,1,0.9792308807373047
1037,m,0,0.5766147375106812
1038,2,1,0.33348169922828674
1039,['jd'],0,0.5000176429748535
1040,ms.,2,0.5702033042907715
1041,2016-07-22t18:28:16-04:00,115,0.060317497700452805
1042,male,1,0.9745409488677979
1044,1,0,0.3333333432674408
1045,['jd'],0,0.5000176429748535
1046,mr.,0,0.5358133912086487
1048,male,1,0.9746605753898621
1050,1,0,0.3333333432674408
1051,['jd'],0,0.5000176429748535
1052,mr.,0,0.7063321471214294
1053,2016-07-22t18:28:16-04:00,115,0.060372792184352875
1054,female,0,0.9808269739151001
1056,2,1,0.3406814634799957
1057,['jd'],0,0.5000414848327637
1058,ms.,1,0.9889280796051025
1059,2016-07-22t18:28:16-04:00,115,0.06062684580683708
1060,female,0,0.9728906750679016
1062,2,1,0.33348169922828674
1063,['jd'],0,0.500028133392334
1064,mr.,0,0.7302301526069641
1065,2016-07-22t18:28:16-04:00,115,0.060146089643239975
1066,female,0,0.9845356345176697
1068,1,0,0.3333333432674408
1069,['jd'],0,0.500028133392334
1070,mr.,0,0.7873990535736084
1071,2016-07-22t18:28:16-04:00,115,0.06016164645552635
1072,female,0,0.9845356345176697
1074,1,0,0.3333333432674408
1075,['jd'],0,0.500028133392334
1076,mr.,0,0.7873990535736084
1077,2016-07-22t18:28:16-04:00,115,0.06034635007381439
1078,male,0,0.9819992780685425
1080,1,0,0.3333333432674408
1081,['jd'],0,0.5000176429748535
1082,mr.,0,0.725513756275177
1083,2016-07-22t18:28:16-04:00,115,0.0603732131421566
1084,female,0,0.9808189272880554
1085,s,0,0.7204768061637878
1086,1,0,0.3333333432674408
1087,['jd'],0,0.5000414848327637
1088,ms.,1,0.9808473587036133
1089,2016-07-22t18:28:16-04:00,115,0.06007441133260727
1090,female,0,0.971925675868988
1091,m,0,0.583614706993103
1092,1,0,0.3333333432674408
1093,['jd'],0,0.500028133392334
1094,ms.,2,0.4919271767139435
1095,2016-07-22t18:28:16-04:00,115,0.06016813591122627
1096,female,0,0.9802037477493286
1097,m,0,0.5702612400054932
1098,1,0,0.3333333432674408
1099,['jd'],0,0.500028133392334
1100,ms.,2,0.5208067297935486
1101,2016-07-22t18:28:16-04:00,115,0.06000294163823128
1102,female,0,0.9732147455215454
1104,1,0,0.3333333432674408
1105,['jd'],0,0.500028133392334
1106,mr.,0,0.6756747364997864
1107,2016-07-22t18:28:16-04:00,115,0.06013859063386917
1108,female,0,0.9787790179252625
1110,1,0,0.3333333432674408
1111,['jd'],0,0.500028133392334
1112,mr.,0,0.7873990535736084
1113,2016-07-22t18:28:16-04:00,115,0.060318272560834885
1114,female,0,0.9717338681221008
1116,1,0,0.3333333432674408
1117,['jd'],0,0.500028133392334
1118,mr.,0,0.7372927069664001
1119,2016-07-22t18:28:16-04:00,115,0.06037386134266853
1120,female,0,0.9845356345176697
1122,1,0,0.3333333432674408
1123,['jd'],0,0.500028133392334
1124,mr.,0,0.7873990535736084
1125,2016-07-22t18:28:16-04:00,115,0.06037365272641182
1126,male,1,0.9801495671272278
1128,1,0,0.3333333432674408
1129,['jd'],0,0.5000176429748535
1130,mr.,0,0.661531388759613
1131,2016-07-22t18:28:16-04:00,115,0.06008172780275345
1132,male,1,0.97718346118927
1133,m,0,0.5677874088287354
1134,1,0,0.3333333432674408
1135,['jd'],0,0.5000176429748535
1136,ms.,2,0.5604718327522278
1138,male,0,0.9843199849128723
1140,1,0,0.3333333432674408
1141,['jd'],0,0.5000176429748535
1142,mr.,0,0.6682458519935608
1143,2016-07-22t18:28:16-04:00,115,0.060314714908599854
1144,female,0,0.9825000762939453
1145,s,1,0.9219332337379456
1146,3,2,0.33699777722358704
1147,['jd'],0,0.500028133392334
1148,ms.,1,0.8527858257293701
1149,2016-07-22t18:28:16-04:00,115,0.060297343879938126
1150,male,1,0.9685452580451965
1151,s,1,0.938912570476532
1152,1,0,0.3333333432674408
1153,['jd'],0,0.5000176429748535
1154,ms.,2,0.5401418805122375
1155,2016-07-22t18:28:16-04:00,115,0.06037386134266853
1156,female,0,0.9845356345176697
1158,1,0,0.3333333432674408
1159,['jd'],0,0.500028133392334
1160,mr.,0,0.7873990535736084
1161,2016-07-22t18:28:16-04:00,115,0.06033966317772865
1162,female,0,0.9772520065307617
1164,1,0,0.3333333432674408
1165,['jd'],0,0.500028133392334
1166,mr.,0,0.729022741317749
1168,male,1,0.966140627861023
1170,1,0,0.3333333432674408
1171,['jd'],0,0.5000176429748535
1172,ms.,1,0.6000862717628479
1174,male,1,0.9812814593315125
1176,1,0,0.3333333432674408
1177,['jd'],0,0.5000176429748535
1178,mr.,0,0.6923775672912598
1179,2016-07-22t18:28:16-04:00,115,0.06037386134266853
1180,female,0,0.9845356345176697
1182,1,0,0.3333333432674408
1183,['jd'],0,0.500028133392334
1184,mr.,0,0.7873990535736084
1185,2016-07-22t18:28:16-04:00,115,0.06070569530129433
1186,male,0,0.9823843240737915
1188,false,0,0.5
1190,['jd'],0,0.5000147819519043
1191,mr.,0,0.716374397277832
1192,2016-07-22t18:28:16-04:00,115,0.060373395681381226
1193,male,1,0.978448748588562
1194,m,0,0.565748393535614
1195,1,0,0.3333333432674408
1196,['jd'],0,0.5000176429748535
1197,ms.,2,0.5709359049797058
1198,2016-07-22t18:28:16-04:00,115,0.060214582830667496
1199,male,1,0.9708611369132996
1201,1,0,0.3333333432674408
1202,['jd'],0,0.5000176429748535
1203,mr.,0,0.678905189037323
1204,2016-07-22t18:28:16-04:00,115,0.06030077859759331
1205,female,0,0.985016942024231
1206,s,1,0.8915088772773743
1207,1,0,0.3333333432674408
1208,['jd'],0,0.5000414848327637
1209,ms.,1,0.9808473587036133
1211,male,1,0.9810730218887329
1213,1,0,0.3333333432674408
1214,['jd'],0,0.5000176429748535
1215,ms.,1,0.5919121503829956
1217,female,0,0.9848508834838867
1218,s,1,0.9023773074150085
1219,1,0,0.3333333432674408
1220,['jd'],0,0.5000414848327637
1221,ms.,1,0.9718673825263977
1223,male,0,0.9853796362876892
1225,1,0,0.3333333432674408
1226,['jd'],0,0.5000176429748535
1227,mr.,0,0.733096718788147
1228,2016-07-22t18:28:16-04:00,115,0.060248106718063354
1229,female,0,0.9718462824821472
1231,1,0,0.3333333432674408
1232,['jd'],0,0.5000414848327637
1233,ms.,1,0.9495856165885925
1234,2016-07-22t18:28:16-04:00,115,0.060372792184352875
1235,female,0,0.9791429042816162
1237,1,0,0.3333333432674408
1238,['jd'],0,0.5000414848327637
1239,ms.,1,0.9645110368728638
1241,male,0,0.9853768944740295
1242,s,0,0.668216347694397
1243,1,0,0.3333333432674408
1244,['jd'],0,0.5000176429748535
1245,ms.,2,0.5744914412498474
1246,2016-07-22t18:28:16-04:00,115,0.06037365272641182
1247,male,1,0.9771876931190491
1249,1,0,0.3333333432674408
1250,['jd'],0,0.5000176429748535
1251,mr.,0,0.7442909479141235
1253,female,0,0.9836945533752441
1255,1,0,0.3333333432674408
1256,['jd'],0,0.500028133392334
1257,mr.,0,0.6417679786682129
1259,male,0,0.9831847548484802
1261,1,0,0.3333333432674408
1262,['jd'],0,0.5000176429748535
1263,mr.,0,0.6962742805480957
1264,2016-07-22t18:28:16-04:00,115,0.06034206598997116
1265,female,0,0.9774916172027588
1266,2,1,0.33359602093696594
1267,['jd'],0,0.500028133392334
1268,2016-07-22t18:28:16-04:00,115,0.0603458434343338
1269,male,1,0.9719818830490112
1271,1,0,0.3333333432674408
1272,['jd'],0,0.504257082939148
1273,mr.,0,0.6596981287002563
1274,2016-07-22t18:28:16-04:00,115,0.060279976576566696
1275,male,1,0.9707706570625305
1277,1,0,0.3333333432674408
1278,['jd'],0,0.5000176429748535
1279,ms.,1,0.68314129114151
1281,male,1,0.9829308390617371
1283,1,0,0.3333333432674408
1284,['jd'],0,0.5000176429748535
1285,mr.,0,0.733096718788147
1286,2016-07-22t18:28:16-04:00,115,0.060249172151088715
1287,female,0,0.9845356345176697
1289,1,0,0.3333333432674408
1290,['jd'],0,0.500028133392334
1291,mr.,0,0.7873990535736084
1292,2016-07-22t18:28:16-04:00,115,0.06024046242237091
1293,male,1,0.9799371361732483
1294,s,1,0.9615251421928406
1295,1,0,0.3333333432674408
1296,['jd'],0,0.5000176429748535
1297,mr.,0,0.5944799780845642
1299,female,0,0.9858810901641846
1301,1,0,0.3333333432674408
1302,['jd'],0,0.5000414848327637
1303,ms.,1,0.9876602292060852
1304,2016-07-22t18:28:16-04:00,115,0.060373611748218536
1305,female,0,0.9772498607635498
1306,m,0,0.5727076530456543
1307,1,0,0.3333333432674408
1308,['jd'],0,0.500028133392334
1309,ms.,2,0.4946192502975464
1310,2016-07-22t18:28:16-04:00,115,0.06037386134266853
1311,female,0,0.9802056550979614
1313,1,0,0.3333333432674408
1314,['jd'],0,0.500028133392334
1315,mr.,0,0.770254909992218
1316,2016-07-22t18:28:16-04:00,115,0.06005868688225746
1317,female,0,0.9759259819984436
1318,s,1,0.938076376914978
1319,3,2,0.34257420897483826
1320,['jd'],0,0.5000414848327637
1321,ms.,1,0.9612709879875183
1322,2016-07-22t18:28:16-04:00,115,0.060373611748218536
1323,female,0,0.9746920466423035
1324,m,0,0.5991009473800659
1325,1,0,0.3333333432674408
1326,['jd'],0,0.500028133392334
1327,ms.,2,0.5408722758293152
1328,2016-07-22t18:28:16-04:00,115,0.060706909745931625
1329,female,0,0.981997549533844
1330,m,0,0.5806324481964111
1331,2,1,0.33348169922828674
1332,['jd'],0,0.500028133392334
1333,ms.,1,0.8612107038497925
1334,2016-07-22t18:28:16-04:00,115,0.060248963534832
1335,male,1,0.9801495671272278
1337,1,0,0.3333333432674408
1338,['jd'],0,0.5000176429748535
1339,mr.,0,0.6857353448867798
1341,female,0,0.9854211211204529
1343,1,0,0.3333333432674408
1344,['jd'],0,0.500028133392334
1345,mr.,0,0.7775275707244873
1346,2016-07-22t18:28:16-04:00,115,0.060373395681381226
1347,male,0,0.9821625351905823
1348,1,0,0.3333333432674408
1349,['jd'],0,0.5000176429748535
1350,2016-07-22t18:28:16-04:00,115,0.06020710617303848
1351,female,0,0.9827757477760315
1353,1,0,0.3333333432674408
1354,['jd'],0,0.5000414848327637
1355,ms.,1,0.969673216342926
1356,2016-07-22t18:28:16-04:00,115,0.06070651486515999
1357,female,0,0.9776867628097534
1358,s,1,0.9217687249183655
1359,2,1,0.33348169922828674
1360,['jd'],0,0.5000414848327637
1361,ms.,1,0.9615471959114075
1362,2016-07-22t18:28:16-04:00,115,0.06070651486515999
1363,female,0,0.9757845401763916
1364,s,0,0.7198585271835327
1365,2,1,0.33348169922828674
1366,['jd'],0,0.5000414848327637
1367,ms.,1,0.9566333889961243
1368,2016-07-22t18:28:16-04:00,115,0.06021410599350929
1369,male,0,0.9821659922599792
1371,1,0,0.3333333432674408
1372,['jd'],0,0.5000176429748535
1373,mr.,0,0.6307435631752014
1374,2016-07-22t18:28:16-04:00,115,0.06016094237565994
1375,male,1,0.978452742099762
1377,2,1,0.3382232189178467
1378,['jd'],0,0.5000176429748535
1379,mr.,0,0.7182173728942871
1381,female,0,0.9839956164360046
1383,1,0,0.3333333432674408
1384,['jd'],0,0.500028133392334
1385,mr.,0,0.7537216544151306
1387,female,0,0.9799874424934387
1389,1,0,0.3333333432674408
1390,['jd'],0,0.500028133392334
1391,mr.,0,0.7088432312011719
1392,2016-07-22t18:28:16-04:00,115,0.060240816324949265
1393,female,0,0.9741472601890564
1395,1,0,0.3333333432674408
1396,['jd'],0,0.500028133392334
1397,mr.,0,0.7959259152412415
1398,2016-07-22t18:28:16-04:00,115,0.06025893613696098
1399,female,0,0.9772520065307617
1401,1,0,0.3333333432674408
1402,['jd'],0,0.500028133392334
1403,mr.,0,0.7643293142318726
1404,2016-07-22t18:28:16-04:00,115,0.06026216968894005
1405,male,1,0.9787560701370239
1407,2,1,0.33359602093696594
1408,['jd'],0,0.5000176429748535
1409,mr.,0,0.7112628817558289
1411,female,0,0.9828081727027893
1413,1,0,0.3333333432674408
1414,['jd'],0,0.500028133392334
1415,mr.,0,0.7537216544151306
1416,2016-07-22t18:28:16-04:00,115,0.06034635007381439
1417,male,0,0.9819992780685425
1419,1,0,0.3333333432674408
1420,['jd'],0,0.5000176429748535
1421,mr.,0,0.725513756275177
1422,2016-07-22t18:28:16-04:00,115,0.06016165390610695
1423,female,0,0.9845356345176697
1425,1,0,0.3333333432674408
1426,['jd'],0,0.500028133392334
1427,mr.,0,0.6044691801071167
1428,2016-07-22t18:28:16-04:00,115,0.060267359018325806
1429,female,0,0.9542337656021118
1431,1,0,0.3333333432674408
1432,['jd'],0,0.500028133392334
1433,mr.,0,0.7094207406044006
1434,2016-07-22t18:28:16-04:00,115,0.0602770671248436
1435,female,0,0.9709426760673523
1437,1,0,0.3333333432674408
1438,['jd'],0,0.500028133392334
1439,mr.,0,0.7873990535736084
1440,2016-07-22t18:28:16-04:00,115,0.060353901237249374
1441,female,0,0.9832478761672974
1442,2,1,0.341810941696167
1443,['jd'],0,0.500028133392334
1444,ms.,2,0.48334211111068726
1446,male,1,0.9810787439346313
1448,1,0,0.3333333432674408
1449,['jd'],0,0.5000176429748535
1450,mr.,0,0.6715770363807678
1451,2016-07-22t18:28:16-04:00,115,0.060372792184352875
1452,female,0,0.9668821692466736
1454,1,0,0.3333333432674408
1455,['jd'],0,0.5000414848327637
1456,ms.,1,0.9391265511512756
1458,male,0,0.9853796362876892
1460,1,0,0.3333333432674408
1461,['jd'],0,0.5000176429748535
1462,mr.,0,0.733096718788147
1463,2016-07-22t18:28:16-04:00,115,0.06030510365962982
1464,female,0,0.9809319376945496
1466,1,0,0.3333333432674408
1467,['jd'],0,0.500028133392334
1468,mr.,0,0.7638200521469116
1469,2016-07-22t18:28:16-04:00,115,0.06024036183953285
1470,male,1,0.979931116104126
1471,m,0,0.5694865584373474
1472,1,0,0.3333333432674408
1473,['jd'],0,0.5000176429748535
1474,ms.,2,0.5505876541137695
1475,2016-07-22t18:28:16-04:00,115,0.060373395681381226
1476,male,1,0.971213161945343
1477,m,0,0.5653846263885498
1478,1,0,0.3333333432674408
1479,['jd'],0,0.5000176429748535
1480,ms.,1,0.936907947063446
1481,2016-07-22t18:28:16-04:00,115,0.06037365272641182
1482,male,1,0.9708611369132996
1484,1,0,0.3333333432674408
1485,['jd'],0,0.5000176429748535
1486,mr.,0,0.5456711053848267
1487,2016-07-22t18:28:16-04:00,115,0.06037365272641182
1488,male,0,0.984491765499115
1490,1,0,0.3333333432674408
1491,['jd'],0,0.5000176429748535
1492,mr.,0,0.7442909479141235
1493,2016-07-22t18:28:16-04:00,115,0.060373082756996155
1494,male,0,0.9833637475967407
1496,1,0,0.3333333432674408
1497,['jd'],0,0.5000176429748535
1498,mr.,0,0.5686277151107788
1500,male,1,0.9787368774414062
1502,2,1,0.33348169922828674
1503,['jd'],0,0.5000176429748535
1504,ms.,1,0.5403251051902771
1506,female,0,0.9725847840309143
1508,1,0,0.3333333432674408
1509,['jd'],0,0.500028133392334
1510,mr.,0,0.7559869289398193
1511,2016-07-22t18:28:16-04:00,115,0.060222022235393524
1512,male,1,0.976975679397583
1514,1,0,0.3333333432674408
1515,['jd'],0,0.5000176429748535
1516,mr.,0,0.705247700214386
1517,2016-07-22t18:28:16-04:00,115,0.060373082756996155
1518,male,0,0.984486997127533
1520,1,0,0.3333333432674408
1521,['jd'],0,0.5000176429748535
1522,mr.,0,0.5489927530288696
1524,female,0,0.9722533822059631
1526,2,1,0.33348169922828674
1527,['jd'],0,0.500028133392334
1528,mr.,0,0.74470055103302
1529,2016-07-22t18:28:16-04:00,115,0.06030474603176117
1530,male,0,0.9833706617355347
1531,s,1,0.9485797882080078
1532,1,0,0.3333333432674408
1533,['jd'],0,0.5000176429748535
1534,mr.,0,0.5614228844642639
1535,2016-07-22t18:28:16-04:00,115,0.0602489598095417
1536,male,1,0.9771876931190491
1538,1,0,0.3333333432674408
1539,['jd'],0,0.5000176429748535
1540,mr.,0,0.6515350341796875
1541,2016-07-22t18:28:16-04:00,115,0.0603732131421566
1542,female,0,0.985016942024231
1543,s,0,0.6869520545005798
1544,1,0,0.3333333432674408
1545,['jd'],0,0.5000414848327637
1546,ms.,0,0.9870579838752747
1547,2016-07-22t18:28:16-04:00,115,0.06037365272641182
1548,male,0,0.984491765499115
1550,1,0,0.3333333432674408
1551,['jd'],0,0.5000176429748535
1552,mr.,0,0.7288388013839722
1554,male,0,0.9853796362876892
1556,1,0,0.3333333432674408
1557,['jd'],0,0.5000176429748535
1558,mr.,0,0.733096718788147
1560,male,1,0.9782468676567078
1562,2,1,0.33359602093696594
1563,['jd'],0,0.5000176429748535
1564,mr.,0,0.5128441452980042
1565,2016-07-22t18:28:16-04:00,115,0.06037365272641182
1566,male,1,0.9708611369132996
1568,1,0,0.3333333432674408
1569,['jd'],0,0.5000176429748535
1570,mr.,0,0.7442909479141235
1571,2016-07-22t18:28:16-04:00,115,0.06016143411397934
1572,male,0,0.984491765499115
1574,1,0,0.3333333432674408
1575,['jd'],0,0.5000176429748535
1576,mr.,0,0.7442909479141235
1578,female,0,0.982232928276062
1580,1,0,0.3333333432674408
1581,['jd'],0,0.500028133392334
1582,mr.,0,0.7487601041793823
1583,2016-07-22t18:28:16-04:00,115,0.060161396861076355
1584,female,0,0.9845342636108398
1585,m,0,0.5727076530456543
1586,1,0,0.3333333432674408
1587,['jd'],0,0.500028133392334
1588,ms.,2,0.4946192502975464
1590,male,1,0.9556292295455933
1592,3,2,0.33699777722358704
1593,['jd'],0,0.5000176429748535
1594,mr.,0,0.5613144040107727
1595,2016-07-22t18:28:16-04:00,115,0.060373395681381226
1596,male,0,0.9844887256622314
1597,1,0,0.3333333432674408
1598,['jd'],0,0.5000176429748535
1600,male,1,0.9810730218887329
1602,1,0,0.3333333432674408
1603,['jd'],0,0.5000176429748535
1604,ms.,1,0.5191932916641235
1605,2016-07-22t18:28:16-04:00,115,0.060706086456775665
1606,female,0,0.9825652837753296
1608,2,1,0.33348169922828674
1609,['jd'],0,0.5000414848327637
1610,ms.,1,0.9801244735717773
1612,female,0,0.9795175790786743
1614,1,0,0.3333333432674408
1615,['jd'],0,0.500028133392334
1616,mr.,0,0.7411938905715942
1618,male,0,0.9853796362876892
1620,1,0,0.3333333432674408
1621,['jd'],0,0.5000176429748535
1622,mr.,0,0.6382537484169006
1623,2016-07-22t18:28:16-04:00,115,0.06037365272641182
1624,male,1,0.9771876931190491
1626,1,0,0.3333333432674408
1627,['jd'],0,0.5000176429748535
1628,mr.,0,0.7442909479141235
1630,female,0,0.9854211211204529
1632,1,0,0.3333333432674408
1633,['jd'],0,0.500028133392334
1634,mr.,0,0.701206624507904
1636,female,0,0.9854211211204529
1638,1,0,0.3333333432674408
1639,['jd'],0,0.500028133392334
1640,mr.,0,0.7775275707244873
1641,2016-07-22t18:28:16-04:00,115,0.06019729748368263
1642,female,0,0.9658248424530029
1644,1,0,0.3333333432674408
1645,['jd'],0,0.500028133392334
1646,mr.,0,0.7873990535736084
1647,2016-07-22t18:28:16-04:00,115,0.06016068905591965
1648,male,1,0.9721664786338806
1649,s,1,0.9415647983551025
1650,1,0,0.3333333432674408
1651,['jd'],0,0.5000176429748535
1652,ms.,1,0.837454617023468
1653,2016-07-22t18:28:16-04:00,115,0.06037350744009018
1654,male,0,0.9844934940338135
1655,s,1,0.9380562901496887
1656,1,0,0.3333333432674408
1657,['jd'],0,0.5000176429748535
1658,mr.,0,0.5944799780845642
1659,2016-07-22t18:28:16-04:00,115,0.06034184992313385
1660,male,1,0.9624467492103577
1661,m,0,0.5849691033363342
1662,2,1,0.33359602093696594
1663,['jd'],0,0.5000176429748535
1664,ms.,2,0.5702109932899475
1665,2016-07-22t18:28:16-04:00,115,0.06021372973918915
1666,female,0,0.977963924407959
1668,1,0,0.3333333432674408
1669,['jd'],0,0.5000414848327637
1670,ms.,1,0.9649155139923096
1671,2016-07-22t18:28:16-04:00,115,0.06037350744009018
1672,male,0,0.9844934940338135
1673,s,1,0.9478291273117065
1674,1,0,0.3333333432674408
1675,['jd'],0,0.5000176429748535
1676,mr.,0,0.5944799780845642
1677,2016-07-22t18:28:16-04:00,115,0.06029363349080086
1678,male,1,0.9817154407501221
1680,1,0,0.3333333432674408
1681,['jd'],0,0.5000176429748535
1682,mr.,0,0.661531388759613
1683,2016-07-22t18:28:16-04:00,115,0.060373395681381226
1684,male,1,0.9801458716392517
1685,m,0,0.5706521272659302
1686,1,0,0.3333333432674408
1687,['jd'],0,0.5000176429748535
1688,ms.,2,0.5620918273925781
1690,female,0,0.983232319355011
1692,1,0,0.3333333432674408
1693,['jd'],0,0.500028133392334
1694,mr.,0,0.7050395011901855
1695,2016-07-22t18:28:16-04:00,115,0.06037386134266853
1696,female,0,0.9799915552139282
1698,1,0,0.3333333432674408
1699,['jd'],0,0.500028133392334
1700,mr.,0,0.7181962132453918
1701,2016-07-22t18:28:16-04:00,115,0.06037365272641182
1702,male,1,0.9801495671272278
1704,1,0,0.3333333432674408
1705,['jd'],0,0.5000176429748535
1706,mr.,0,0.7442909479141235
1707,2016-07-22t18:28:16-04:00,115,0.060373395681381226
1708,male,0,0.9844887256622314
1709,1,0,0.3333333432674408
1710,['jd'],0,0.5000176429748535
1711,2016-07-22t18:28:16-04:00,115,0.06029358506202698
1712,female,0,0.9732121825218201
1713,s,1,0.9329051971435547
1714,1,0,0.3333333432674408
1715,['jd'],0,0.500028133392334
1716,ms.,1,0.824385404586792
1717,2016-07-22t18:28:16-04:00,115,0.06037386134266853
1718,female,0,0.962949812412262
1720,1,0,0.3333333432674408
1721,['jd'],0,0.500028133392334
1722,mr.,0,0.7040627598762512
1723,2016-07-22t18:28:16-04:00,115,0.06070651486515999
1724,female,0,0.9825580716133118
1725,s,0,0.7304539084434509
1726,2,1,0.33348169922828674
1727,['jd'],0,0.5000414848327637
1728,ms.,0,0.9779453873634338
1729,2016-07-22t18:28:16-04:00,115,0.060249172151088715
1730,female,0,0.9802056550979614
1732,3,2,0.34257420897483826
1733,['jd'],0,0.500028133392334
1734,mr.,0,0.7959259152412415
1735,2016-07-22t18:28:16-04:00,115,0.060353685170412064
1736,male,0,0.9810670614242554
1737,false,0,0.5
1739,['jd'],0,0.5000147819519043
1740,2016-07-22t18:28:16-04:00,115,0.060240816324949265
1741,female,0,0.9845356345176697
1743,1,0,0.3333333432674408
1744,['jd'],0,0.500028133392334
1745,mr.,0,0.7873990535736084
1746,2016-07-22t18:28:16-04:00,115,0.060301173478364944
1747,female,0,0.9822147488594055
1748,1,0,0.3333333432674408
1749,['jd'],0,0.500028133392334
1750,2016-07-22t18:28:16-04:00,115,0.06029363349080086
1751,male,1,0.9817154407501221
1753,1,0,0.3333333432674408
1754,['jd'],0,0.5000176429748535
1755,mr.,0,0.7182173728942871
1756,2016-07-22t18:28:16-04:00,115,0.060255978256464005
1757,male,1,0.9801495671272278
1759,1,0,0.3333333432674408
1760,['jd'],0,0.5000176429748535
1761,mr.,0,0.6515350341796875
1762,2016-07-22t18:28:16-04:00,115,0.06034206598997116
1763,female,0,0.9774916172027588
1764,s,1,0.9259422421455383
1765,2,1,0.33359602093696594
1766,['jd'],0,0.500028133392334
1767,ms.,2,0.4840925931930542
1768,2016-07-22t18:28:16-04:00,115,0.06024017930030823
1769,female,0,0.9749433994293213
1770,s,1,0.9198562502861023
1771,1,0,0.3333333432674408
1772,['jd'],0,0.5000414848327637
1773,ms.,1,0.9590654373168945
1774,2016-07-22t18:28:16-04:00,115,0.060297343879938126
1775,male,1,0.9768410921096802
1776,m,0,0.5666664838790894
1777,1,0,0.3333333432674408
1778,['jd'],0,0.5000176429748535
1779,ms.,2,0.554674506187439
1780,2016-07-22t18:28:16-04:00,115,0.06024482473731041
1781,female,0,0.9658248424530029
1783,1,0,0.3333333432674408
1784,['jd'],0,0.500028133392334
1785,mr.,0,0.6829050779342651
1786,2016-07-22t18:28:16-04:00,115,0.06018325686454773
1787,female,0,0.9704961776733398
1789,1,0,0.3333333432674408
1790,['jd'],0,0.5000414848327637
1791,ms.,1,0.9390721917152405
1792,2016-07-22t18:28:16-04:00,115,0.06037365272641182
1793,male,1,0.9721716642379761
1795,1,0,0.3333333432674408
1796,['jd'],0,0.5000176429748535
1797,mr.,0,0.6672954559326172
1798,2016-07-22t18:28:16-04:00,115,0.060189440846443176
1799,female,0,0.9827060699462891
1801,1,0,0.3333333432674408
1802,['jd'],0,0.500028133392334
1803,mr.,0,0.7873990535736084
1804,2016-07-22t18:28:16-04:00,115,0.060317497700452805
1805,male,0,0.9835945963859558
1807,1,0,0.3333333432674408
1808,['jd'],0,0.5000176429748535
1809,mr.,0,0.5148276686668396
1810,2016-07-22t18:28:16-04:00,115,0.06037386134266853
1811,female,0,0.9845356345176697
1813,1,0,0.3333333432674408
1815,mr.,0,0.7895707488059998
1816,2016-07-22t18:28:16-04:00,115,0.06037386134266853
1817,female,0,0.9722496867179871
1819,1,0,0.3333333432674408
1820,['jd'],0,0.500028133392334
1821,mr.,0,0.7164616584777832
1822,2016-07-22t18:28:16-04:00,115,0.06037365272641182
1823,male,1,0.9771917462348938
1825,false,0,0.5
1827,['jd'],0,0.5000147819519043
1828,mr.,0,0.5997296571731567
1829,2016-07-22t18:28:16-04:00,115,0.06037386134266853
1830,female,0,0.9785134792327881
1832,1,0,0.3333333432674408
1833,['phd'],1,0.5010623931884766
1834,mr.,0,0.5395699143409729
1835,2016-07-22t18:28:16-04:00,115,0.06037386134266853
1836,female,0,0.9732147455215454
1838,1,0,0.3333333432674408
1839,['jd'],0,0.500028133392334
1840,mr.,0,0.6756747364997864
1841,2016-07-22t18:28:16-04:00,115,0.06026660278439522
1842,female,0,0.9774616360664368
1844,1,0,0.3333333432674408
1845,['jd'],0,0.500028133392334
1846,mr.,0,0.7205910682678223
1847,2016-07-22t18:28:16-04:00,115,0.06023488566279411
1848,female,0,0.966820478439331
1849,s,1,0.924242377281189
1850,1,0,0.3333333432674408
1851,['jd'],0,0.5000414848327637
1852,ms.,1,0.9481505155563354
1853,2016-07-22t18:28:16-04:00,115,0.0603732131421566
1854,female,0,0.9779546856880188
1855,s,1,0.923947274684906
1856,1,0,0.3333333432674408
1857,['jd'],0,0.5000414848327637
1858,ms.,1,0.9692027568817139
1860,male,0,0.9853796362876892
1862,1,0,0.3333333432674408
1863,['jd'],0,0.5000176429748535
1864,mr.,0,0.733096718788147
1865,2016-07-22t18:28:16-04:00,115,0.060707274824380875
1866,female,0,0.976975679397583
1868,2,1,0.33348169922828674
1869,['jd'],0,0.5013103485107422
1870,mr.,0,0.5831449031829834
1871,2016-07-22t18:28:16-04:00,115,0.06070680543780327
1872,male,0,0.982383131980896
1873,s,1,0.9468795657157898
1874,2,1,0.33348169922828674
1875,['jd'],0,0.5000176429748535
1876,mr.,0,0.5502656102180481
1877,2016-07-22t18:28:16-04:00,115,0.060010187327861786
1878,male,1,0.9771876931190491
1880,1,0,0.3333333432674408
1881,['jd'],0,0.5000176429748535
1882,mr.,0,0.6932000517845154
1883,2016-07-22t18:28:16-04:00,115,0.060707274824380875
1884,female,0,0.975014328956604
1886,2,1,0.33348169922828674
1887,['jd'],0,0.5019516944885254
1888,mr.,0,0.7219178080558777
1889,2016-07-22t18:28:16-04:00,115,0.060214027762413025
1890,female,0,0.9785134792327881
1892,1,0,0.3333333432674408
1893,['jd'],0,0.500028133392334
1894,mr.,0,0.7873990535736084
1895,2016-07-22t18:28:16-04:00,115,0.060373395681381226
1896,male,0,0.9844887256622314
1897,1,0,0.3333333432674408
1898,['jd'],0,0.5000176429748535
1899,2016-07-22t18:28:16-04:00,115,0.060707274824380875
1900,female,0,0.9819992780685425
1902,2,1,0.33348169922828674
1903,['jd'],0,0.500028133392334
1904,mr.,0,0.7555704116821289
1906,female,0,0.9728958010673523
1908,1,0,0.3333333432674408
1909,['jd'],0,0.5000414848327637
1910,ms.,1,0.9330256581306458
1911,2016-07-22t18:28:16-04:00,115,0.06037365272641182
1912,male,0,0.984491765499115
1914,1,0,0.3333333432674408
1915,['jd'],0,0.5000176429748535
1916,mr.,0,0.7442909479141235
1917,2016-07-22t18:28:16-04:00,115,0.060087431222200394
1918,male,1,0.9729956388473511
1920,1,0,0.3333333432674408
1921,['jd'],0,0.5000176429748535
1922,mr.,0,0.724885106086731
1923,2016-07-22t18:28:16-04:00,115,0.06029384210705757
1924,female,0,0.9845356345176697
1926,1,0,0.3333333432674408
1927,['jd'],0,0.500028133392334
1928,mr.,0,0.7643293142318726
1929,2016-07-22t18:28:16-04:00,115,0.06037365272641182
1930,male,0,0.984491765499115
1932,1,0,0.3333333432674408
1933,['jd'],0,0.5000176429748535
1934,mr.,0,0.7442909479141235
1935,2016-07-22t18:28:16-04:00,115,0.060706689953804016
1936,male,0,0.982377827167511
1937,m,0,0.5766147375106812
1938,2,1,0.33348169922828674
1939,['jd'],0,0.5000176429748535
1940,ms.,2,0.5702033042907715
1941,2016-07-22t18:28:16-04:00,115,0.06016838550567627
1942,female,0,0.9732147455215454
1944,2,1,0.34257420897483826
1945,['jd'],0,0.5047014951705933
1946,mr.,0,0.6559776663780212
1947,2016-07-22t18:28:16-04:00,115,0.060342323035001755
1948,female,0,0.9824063777923584
1950,2,1,0.33359602093696594
1951,['jd'],0,0.500028133392334
1952,mr.,0,0.7069516777992249
1953,2016-07-22t18:28:16-04:00,115,0.060372792184352875
1954,female,0,0.9827757477760315
1956,1,0,0.3333333432674408
1957,['jd'],0,0.5000414848327637
1958,ms.,1,0.9797636270523071
1959,2016-07-22t18:28:16-04:00,115,0.06026404723525047
1960,female,0,0.9751601815223694
1962,1,0,0.3333333432674408
1963,['jd'],0,0.500028133392334
1964,mr.,0,0.6711099147796631
1965,2016-07-22t18:28:16-04:00,115,0.06029760092496872
1966,male,1,0.976845383644104
1968,1,0,0.3333333432674408
1969,['jd'],0,0.5000176429748535
1970,mr.,0,0.6770321130752563
1971,2016-07-22t18:28:16-04:00,115,0.0601997934281826
1972,female,0,0.9722470641136169
1973,m,0,0.5887235999107361
1974,1,0,0.3333333432674408
1975,['jd'],0,0.500028133392334
1976,ms.,2,0.5055863857269287
1977,2016-07-22t18:28:16-04:00,115,0.060373082756996155
1978,male,0,0.9833637475967407
1980,1,0,0.3333333432674408
1981,['jd'],0,0.5000176429748535
1982,mr.,0,0.5686277151107788
1983,2016-07-22t18:28:16-04:00,115,0.0600367896258831
1984,male,1,0.9752441048622131
1986,1,0,0.3333333432674408
1987,['jd'],0,0.5000176429748535
1988,mr.,0,0.7083989381790161
1990,female,0,0.9833492040634155
1992,1,0,0.3333333432674408
1993,['jd'],0,0.5000414848327637
1994,ms.,1,0.9693235158920288
1995,2016-07-22t18:28:16-04:00,115,0.06037386134266853
1996,female,0,0.9741472601890564
1998,1,0,0.3333333432674408
1999,['jd'],0,0.500028133392334
2000,mr.,0,0.7873990535736084
2001,2016-07-22t18:28:16-04:00,115,0.060373395681381226
2002,male,1,0.9746183156967163
2003,m,0,0.5647290349006653
2004,1,0,0.3333333432674408
2005,['jd'],0,0.5000176429748535
2006,ms.,1,0.866666316986084
2007,2016-07-22t18:28:16-04:00,115,0.06037386134266853
2008,female,0,0.9845356345176697
2010,1,0,0.3333333432674408
2011,['jd'],0,0.500028133392334
2012,mr.,0,0.7873990535736084
2013,2016-07-22t18:28:16-04:00,115,0.06037365272641182
2014,male,1,0.9801495671272278
2016,1,0,0.3333333432674408
2017,['jd'],0,0.5000176429748535
2018,mr.,0,0.7442909479141235
2020,female,0,0.9755204916000366
2022,1,0,0.3333333432674408
2023,['jd'],0,0.5000414848327637
2024,ms.,1,0.9510278701782227
2025,2016-07-22t18:28:16-04:00,115,0.060373395681381226
2026,male,1,0.9782159924507141
2027,1,0,0.3333333432674408
2028,['jd'],0,0.5000176429748535
2030,female,0,0.9813342690467834
2032,1,0,0.3333333432674408
2033,['jd'],0,0.500028133392334
2034,mr.,0,0.7775275707244873
2035,2016-07-22t18:28:16-04:00,115,0.060372792184352875
2036,female,0,0.9740496277809143
2038,1,0,0.3333333432674408
2039,['jd'],0,0.5000414848327637
2040,ms.,1,0.9454957246780396
2041,2016-07-22t18:28:16-04:00,115,0.06016086786985397
2042,male,1,0.9771808385848999
2044,1,0,0.3333333432674408
2045,['jd'],0,0.5000176429748535
2046,ms.,1,0.6476994156837463
2047,2016-07-22t18:28:16-04:00,115,0.06037365272641182
2048,male,0,0.984491765499115
2050,1,0,0.3333333432674408
2051,['jd'],0,0.5000176429748535
2052,mr.,0,0.6515350341796875
2053,2016-07-22t18:28:16-04:00,115,0.06037365272641182
2054,male,0,0.984491765499115
2056,1,0,0.3333333432674408
2057,['jd'],0,0.5000176429748535
2058,mr.,0,0.7442909479141235
2060,male,0,0.9823834896087646
2062,1,0,0.3333333432674408
2063,['jd'],0,0.5000176429748535
2064,mr.,0,0.6962742805480957
2066,male,1,0.9687761068344116
2068,1,0,0.3406814634799957
2069,['jd'],0,0.5000176429748535
2070,mr.,0,0.6035457849502563
2071,2016-07-22t18:28:16-04:00,115,0.060373611748218536
2072,female,0,0.9802037477493286
2073,m,0,0.5695936679840088
2074,1,0,0.3333333432674408
2075,['jd'],0,0.500028133392334
2076,ms.,2,0.5094180107116699
2078,female,0,0.9858751893043518
2079,s,0,0.6869520545005798
2080,1,0,0.3333333432674408
2081,['jd'],0,0.5000414848327637
2082,ms.,0,0.9788273572921753
2083,2016-07-22t18:28:16-04:00,115,0.060373082756996155
2084,male,1,0.9801436066627502
2086,1,0,0.3333333432674408
2087,['jd'],0,0.5000176429748535
2088,mr.,0,0.5812627077102661
2089,2016-07-22t18:28:16-04:00,115,0.06027685105800629
2090,male,0,0.984491765499115
2092,1,0,0.3333333432674408
2093,['jd'],0,0.5000176429748535
2094,mr.,0,0.7442909479141235
2095,2016-07-22t18:28:16-04:00,115,0.06034655123949051
2096,female,0,0.9823811650276184
2098,1,0,0.3333333432674408
2099,['jd'],0,0.500028133392334
2100,mr.,0,0.7708126902580261
2102,male,1,0.9827594757080078
2104,1,0,0.3333333432674408
2105,['jd'],0,0.5000176429748535
2106,mr.,0,0.733096718788147
2107,2016-07-22t18:28:16-04:00,115,0.06010790169239044
2108,male,1,0.979931116104126
2109,s,1,0.9168326258659363
2110,1,0,0.3333333432674408
2111,['jd'],0,0.5000176429748535
2112,ms.,2,0.5252480506896973
2113,2016-07-22t18:28:16-04:00,115,0.06029384210705757
2114,female,0,0.9813698530197144
2116,1,0,0.3333333432674408
2117,['jd'],0,0.500028133392334
2118,mr.,0,0.7395840883255005
2119,2016-07-22t18:28:16-04:00,115,0.06037365272641182
2120,male,1,0.9683959484100342
2122,1,0,0.3333333432674408
2123,['jd'],0,0.5000176429748535
2124,mr.,0,0.5236753821372986
2125,2016-07-22t18:28:16-04:00,115,0.06037365272641182
2126,male,0,0.984491765499115
2128,1,0,0.3333333432674408
2129,['jd'],0,0.5000176429748535
2130,mr.,0,0.7442909479141235
2131,2016-07-22t18:28:16-04:00,115,0.06045892462134361
2132,female,0,0.976975679397583
2134,2,1,0.33348169922828674
2135,['jd'],0,0.500028133392334
2136,mr.,0,0.7555704116821289
2137,2016-07-22t18:28:16-04:00,115,0.060373082756996155
2138,male,0,0.984486997127533
2140,1,0,0.3333333432674408
2141,['jd'],0,0.5000176429748535
2142,mr.,0,0.5238523483276367
2143,2016-07-22t18:28:16-04:00,115,0.060168176889419556
2144,male,1,0.9708611369132996
2146,1,0,0.3333333432674408
2147,['jd'],0,0.5000176429748535
2148,mr.,0,0.6050763726234436
2149,2016-07-22t18:28:16-04:00,115,0.060140494257211685
2150,male,0,0.9819937348365784
2152,1,0,0.3333333432674408
2153,['jd'],0,0.5000176429748535
2154,mr.,0,0.5448396801948547
2155,2016-07-22t18:28:16-04:00,115,0.060373611748218536
2156,female,0,0.9761725664138794
2157,m,0,0.5702612400054932
2158,1,0,0.3333333432674408
2159,['jd'],0,0.500028133392334
2160,ms.,2,0.5149625539779663
2161,2016-07-22t18:28:16-04:00,115,0.060297030955553055
2162,male,1,0.9685417413711548
2164,1,0,0.3333333432674408
2165,['jd'],0,0.5000176429748535
2166,ms.,1,0.6168240308761597
2167,2016-07-22t18:28:16-04:00,115,0.06006111577153206
2168,female,0,0.9814954400062561
2169,m,0,0.5785589814186096
2170,1,0,0.3333333432674408
2171,['jd'],0,0.5042670965194702
2172,ms.,2,0.4743652641773224
2174,male,1,0.9774647355079651
2176,1,0,0.3333333432674408
2177,['jd'],0,0.5000176429748535
2178,mr.,0,0.733096718788147
2179,2016-07-22t18:28:16-04:00,115,0.060133419930934906
2180,male,1,0.9708612561225891
2182,1,0,0.3333333432674408
2183,['jd'],0,0.5000176429748535
2184,mr.,0,0.754006564617157
2185,2016-07-22t18:28:16-04:00,115,0.06037365272641182
2186,male,1,0.9801495671272278
2188,1,0,0.3333333432674408
2189,['jd'],0,0.5000176429748535
2190,mr.,0,0.7442909479141235
2191,2016-07-22t18:28:16-04:00,115,0.060373082756996155
2192,male,1,0.9799287915229797
2194,1,0,0.3333333432674408
2195,['jd'],0,0.5000176429748535
2196,mr.,0,0.5686277151107788
2197,2016-07-22t18:28:16-04:00,115,0.06037386134266853
2198,female,0,0.9802056550979614
2200,1,0,0.3333333432674408
2201,['jd'],0,0.500028133392334
2202,mr.,0,0.7873990535736084
2203,2016-07-22t18:28:16-04:00,115,0.06037365272641182
2204,male,1,0.9771876931190491
2206,1,0,0.3333333432674408
2207,['jd'],0,0.5000176429748535
2208,mr.,0,0.7442909479141235
2209,2016-07-22t18:28:16-04:00,115,0.060373395681381226
2210,male,1,0.9817118644714355
2211,s,0,0.6559358239173889
2212,1,0,0.3333333432674408
2213,['jd'],0,0.5000176429748535
2214,ms.,0,0.49758923053741455
2216,male,1,0.9781613349914551
2218,1,0,0.3333333432674408
2219,['jd'],0,0.5000176429748535
2220,mr.,0,0.6484255194664001
2221,2016-07-22t18:28:16-04:00,115,0.060248397290706635
2222,male,0,0.984486997127533
2224,1,0,0.3333333432674408
2225,['jd'],0,0.5000176429748535
2226,mr.,0,0.5686277151107788
2227,2016-07-22t18:28:16-04:00,115,0.060707058757543564
2228,male,0,0.9823810458183289
2230,2,1,0.33348169922828674
2231,['jd'],0,0.5000176429748535
2232,mr.,0,0.7083985805511475
2234,male,1,0.9722188711166382
2236,false,0,0.5
2238,['jd'],0,0.5000147819519043
2239,mr.,0,0.6478582620620728
2241,female,0,0.9801363945007324
2243,1,0,0.3333333432674408
2244,['jd'],0,0.500028133392334
2245,mr.,0,0.7103815674781799
2246,2016-07-22t18:28:16-04:00,115,0.060707058757543564
2247,male,1,0.9792348146438599
2249,2,1,0.33348169922828674
2250,['jd'],0,0.5000176429748535
2251,mr.,0,0.6802375912666321
2252,2016-07-22t18:28:16-04:00,115,0.06070651486515999
2253,female,0,0.9757845401763916
2254,s,0,0.6977190971374512
2255,2,1,0.33348169922828674
2256,['jd'],0,0.5000414848327637
2257,ms.,0,0.9661659002304077
2258,2016-07-22t18:28:16-04:00,115,0.06027598679065704
2259,female,0,0.9850231409072876
2261,1,0,0.3333333432674408
2262,['jd'],0,0.5000414848327637
2263,ms.,1,0.9776125550270081
2264,2016-07-22t18:28:16-04:00,115,0.0602489598095417
2265,male,0,0.9829769134521484
2267,1,0,0.3333333432674408
2268,['jd'],0,0.5000176429748535
2269,mr.,0,0.7442909479141235
2270,2016-07-22t18:28:16-04:00,115,0.06037386134266853
2271,female,0,0.9802056550979614
2273,1,0,0.3333333432674408
2274,['jd'],0,0.500028133392334
2275,mr.,0,0.7873990535736084
2277,female,0,0.9833492040634155
2279,1,0,0.3333333432674408
2280,['jd'],0,0.5000414848327637
2281,ms.,1,0.9620136618614197
2282,2016-07-22t18:28:16-04:00,115,0.06037386134266853
2283,female,0,0.9845356345176697
2285,1,0,0.3333333432674408
2286,['jd'],0,0.500028133392334
2287,mr.,0,0.7873990535736084
2288,2016-07-22t18:28:16-04:00,115,0.06006340682506561
2289,male,0,0.9833655953407288
2290,m,0,0.5806781053543091
2291,1,0,0.3333333432674408
2292,['jd'],0,0.5000176429748535
2293,ms.,2,0.5595964193344116
2295,male,1,0.9737634658813477
2296,m,0,0.5754750967025757
2297,1,0,0.3333333432674408
2298,['jd'],0,0.5000176429748535
2299,ms.,2,0.5611903667449951
2300,2016-07-22t18:28:16-04:00,115,0.0694982185959816
2301,male,1,0.9817097783088684
2303,1,0,0.3333333432674408
2304,['jd'],0,0.5000176429748535
2305,mr.,0,0.5686277151107788
2306,2016-07-22t18:28:16-04:00,115,0.06022954359650612
2307,female,0,0.9832495450973511
2309,1,0,0.33382105827331543
2310,['jd'],0,0.500028133392334
2311,mr.,0,0.7309449911117554
2312,2016-07-22t18:28:16-04:00,115,0.06037350744009018
2313,male,1,0.9801518321037292
2314,s,1,0.9635733962059021
2315,1,0,0.3333333432674408
2316,['jd'],0,0.5000176429748535
2317,mr.,0,0.5944799780845642
2318,2016-07-22t18:28:16-04:00,115,0.060373611748218536
2319,female,0,0.9724842309951782
2320,s,1,0.9412891268730164
2321,1,0,0.3333333432674408
2322,['jd'],0,0.500028133392334
2323,ms.,1,0.7866039276123047
2324,2016-07-22t18:28:16-04:00,115,0.060707274824380875
2325,female,0,0.9787863492965698
2327,2,1,0.33348169922828674
2328,['jd'],0,0.500028133392334
2329,mr.,0,0.7555704116821289
2330,2016-07-22t18:28:16-04:00,115,0.060161445289850235
2331,male,1,0.9771876931190491
2333,1,0,0.3333333432674408
2334,['jd'],0,0.5000176429748535
2335,mr.,0,0.5126072764396667
2336,2016-07-22t18:28:16-04:00,115,0.060707058757543564
2337,male,1,0.9774616360664368
2339,2,1,0.33348169922828674
2340,['jd'],0,0.5000176429748535
2341,mr.,0,0.6199540495872498
2342,2016-07-22t18:28:16-04:00,115,0.060248106718063354
2343,female,0,0.9850231409072876
2345,1,0,0.3333333432674408
2346,['jd'],0,0.5000414848327637
2347,ms.,1,0.9591855406761169
2348,2016-07-22t18:28:16-04:00,115,0.0603732131421566
2349,female,0,0.9823327660560608
2350,s,1,0.9040370583534241
2351,1,0,0.3333333432674408
2352,['jd'],0,0.5000414848327637
2353,ms.,1,0.9831884503364563
2354,2016-07-22t18:28:16-04:00,115,0.060249172151088715
2355,female,0,0.9802021384239197
2357,false,0,0.5
2359,['jd'],0,0.5000252723693848
2360,mr.,0,0.8220736384391785
2361,2016-07-22t18:28:16-04:00,115,0.0602770671248436
2362,female,0,0.9845356345176697
2364,1,0,0.3333333432674408
2365,['jd'],0,0.500028133392334
2366,mr.,0,0.550532341003418
2368,female,0,0.9836945533752441
2370,1,0,0.3333333432674408
2371,['jd'],0,0.500028133392334
2372,mr.,0,0.7775275707244873
2373,2016-07-22t18:28:16-04:00,115,0.060219381004571915
2374,female,0,0.9823327660560608
2375,s,1,0.892978310585022
2376,1,0,0.3333333432674408
2377,['jd'],0,0.5000414848327637
2378,ms.,1,0.9831884503364563
2379,2016-07-22t18:28:16-04:00,115,0.06008218973875046
2380,female,0,0.9785134792327881
2382,1,0,0.3333333432674408
2383,['jd'],0,0.500028133392334
2384,mr.,0,0.7643293142318726
2386,female,0,0.9729884266853333
2388,1,0,0.3333333432674408
2389,['jd'],0,0.500028133392334
2390,mr.,0,0.7103815674781799
2392,male,1,0.9810787439346313
2394,1,0,0.3333333432674408
2395,['jd'],0,0.5000176429748535
2396,mr.,0,0.733096718788147
2397,2016-07-22t18:28:16-04:00,115,0.06024060770869255
2398,male,1,0.9799349904060364
2400,1,0,0.3333333432674408
2401,['jd'],0,0.5000176429748535
2402,mr.,0,0.6842401027679443
2403,2016-07-22t18:28:16-04:00,115,0.06037386134266853
2404,female,0,0.9772520065307617
2406,1,0,0.3333333432674408
2407,['jd'],0,0.500028133392334
2408,mr.,0,0.7873990535736084
2410,male,1,0.9799942970275879
2412,1,0,0.3333333432674408
2413,['jd'],0,0.5000176429748535
2414,mr.,0,0.6859437227249146
2415,2016-07-22t18:28:16-04:00,115,0.06033945456147194
2416,male,1,0.9742127656936646
2418,1,0,0.3333333432674408
2419,['jd'],0,0.5000176429748535
2420,mr.,0,0.6650881767272949
2421,2016-07-22t18:28:16-04:00,115,0.0602770671248436
2422,female,0,0.9772520065307617
2424,1,0,0.3333333432674408
2425,['jd'],0,0.500028133392334
2426,mr.,0,0.7873990535736084
2427,2016-07-22t18:28:16-04:00,115,0.06037365272641182
2428,male,1,0.9759008884429932
2430,1,0,0.3333333432674408
2431,['jd'],0,0.5000176429748535
2432,mr.,0,0.6073316335678101
2433,2016-07-22t18:28:16-04:00,115,0.06034655123949051
2434,female,0,0.9823811650276184
2436,1,0,0.3333333432674408
2437,['jd'],0,0.500028133392334
2438,mr.,0,0.7708126902580261
2439,2016-07-22t18:28:16-04:00,115,0.06037365272641182
2440,male,0,0.9821659922599792
2442,1,0,0.3333333432674408
2443,['jd'],0,0.5000176429748535
2444,mr.,0,0.6697039008140564
2445,2016-07-22t18:28:16-04:00,115,0.06037386134266853
2446,female,0,0.9772520065307617
2448,1,0,0.3333333432674408
2449,['jd'],0,0.500028133392334
2450,mr.,0,0.7873990535736084
2451,2016-07-22t18:28:16-04:00,115,0.060707274824380875
2452,female,0,0.9819992780685425
2454,2,1,0.33348169922828674
2455,['jd'],0,0.500028133392334
2456,mr.,0,0.6000707149505615
2457,2016-07-22t18:28:16-04:00,115,0.0602768175303936
2458,female,0,0.9845342636108398
2459,s,1,0.8993504047393799
2460,1,0,0.3333333432674408
2461,['jd'],0,0.500028133392334
2462,ms.,1,0.8886958360671997
2463,2016-07-22t18:28:16-04:00,115,0.06070680543780327
2464,male,0,0.982383131980896
2465,s,1,0.9553266763687134
2466,2,1,0.33348169922828674
2467,['jd'],0,0.5000176429748535
2468,mr.,0,0.5502656102180481
2469,2016-07-22t18:28:16-04:00,115,0.060326673090457916
2470,female,0,0.9835594296455383
2472,1,0,0.3333333432674408
2473,['jd'],0,0.5000414848327637
2474,ms.,1,0.9706857204437256
2476,female,0,0.9854211211204529
2478,1,0,0.3333333432674408
2479,['jd'],0,0.500028133392334
2480,mr.,0,0.6918361783027649
2482,female,0,0.9854211211204529
2484,1,0,0.3333333432674408
2485,['jd'],0,0.500028133392334
2486,mr.,0,0.6011962294578552
2487,2016-07-22t18:28:16-04:00,115,0.060373082756996155
2488,male,0,0.9813113808631897
2490,1,0,0.3333333432674408
2491,['jd'],0,0.5000176429748535
2492,mr.,0,0.5686277151107788
2493,2016-07-22t18:28:16-04:00,115,0.060373395681381226
2494,male,0,0.9821625351905823
2495,m,0,0.5653846263885498
2496,1,0,0.3333333432674408
2497,['jd'],0,0.5000176429748535
2498,ms.,2,0.5851896405220032
2499,2016-07-22t18:28:16-04:00,115,0.06026357784867287
2500,male,1,0.9659328460693359
2501,m,0,0.5738310813903809
2502,1,0,0.3333333432674408
2503,['jd'],0,0.5000176429748535
2504,ms.,1,0.8590831160545349
2505,2016-07-22t18:28:16-04:00,115,0.060185350477695465
2506,female,0,0.9706655144691467
2507,s,1,0.9361404180526733
2508,1,0,0.3333333432674408
2509,['jd'],0,0.5000414848327637
2510,ms.,1,0.9358770847320557
2511,2016-07-22t18:28:16-04:00,115,0.060373082756996155
2512,male,0,0.984486997127533
2514,1,0,0.3333333432674408
2515,['jd'],0,0.5000176429748535
2516,mr.,0,0.5686277151107788
2517,2016-07-22t18:28:16-04:00,115,0.060373395681381226
2518,male,1,0.97718346118927
2519,m,0,0.5677874088287354
2520,1,0,0.3333333432674408
2521,['jd'],0,0.5000176429748535
2522,ms.,2,0.5604718327522278
2524,female,0,0.9725847840309143
2526,1,0,0.3333333432674408
2527,['jd'],0,0.500028133392334
2528,mr.,0,0.7559869289398193
2530,male,1,0.9602118134498596
2532,1,0,0.3333333432674408
2533,['jd'],0,0.5000176429748535
2534,mr.,0,0.5221046209335327
2536,male,1,0.9784806966781616
2537,m,0,0.5677874088287354
2538,1,0,0.3333333432674408
2539,['jd'],0,0.5000176429748535
2540,ms.,2,0.5604718327522278
2541,2016-07-22t18:28:16-04:00,115,0.06037386134266853
2542,female,0,0.9744222164154053
2544,1,0,0.3333333432674408
2545,['jd'],0,0.500028133392334
2546,mr.,0,0.7521637082099915
2548,female,0,0.9854211211204529
2550,1,0,0.3333333432674408
2551,['jd'],0,0.500028133392334
2552,mr.,0,0.7775275707244873
2553,2016-07-22t18:28:16-04:00,115,0.06024482473731041
2554,female,0,0.9766801595687866
2556,1,0,0.3333333432674408
2557,['jd'],0,0.500028133392334
2558,mr.,0,0.770254909992218
2560,male,0,0.9853796362876892
2562,1,0,0.3333333432674408
2563,['jd'],0,0.5000176429748535
2564,mr.,0,0.733096718788147
2565,2016-07-22t18:28:16-04:00,115,0.0603521503508091
2566,female,0,0.9792265892028809
2567,s,0,0.7000138163566589
2568,false,0,0.5
2570,['jd'],0,0.5000386238098145
2571,ms.,1,0.9699058532714844
2572,2016-07-22t18:28:16-04:00,115,0.06012570112943649
2573,male,1,0.9721951484680176
2575,1,0,0.3333333432674408
2576,['jd'],0,0.5000176429748535
2577,mr.,0,0.6463874578475952
2578,2016-07-22t18:28:16-04:00,115,0.06037386134266853
2579,female,0,0.9802056550979614
2581,1,0,0.3333333432674408
2582,['jd'],0,0.500028133392334
2583,mr.,0,0.7521637082099915
2584,2016-07-22t18:28:16-04:00,115,0.06035350635647774
2585,female,0,0.9837700128555298
2586,s,1,0.9222095608711243
2587,1,0,0.33382105827331543
2588,['jd'],0,0.5000414848327637
2589,ms.,1,0.9713292121887207
2591,female,0,0.9828081727027893
2593,1,0,0.3333333432674408
2594,['jd'],0,0.500028133392334
2595,mr.,0,0.7537216544151306
2596,2016-07-22t18:28:16-04:00,115,0.06037386134266853
2597,female,0,0.9802056550979614
2599,1,0,0.3333333432674408
2600,['jd'],0,0.500028133392334
2601,mr.,0,0.6788823008537292
2603,female,0,0.980442225933075
2605,false,0,0.5
2607,['jd'],0,0.5000252723693848
2608,mr.,0,0.7666974663734436
2609,2016-07-22t18:28:16-04:00,115,0.06037365272641182
2610,male,1,0.9761077165603638
2612,1,0,0.3333333432674408
2613,['jd'],0,0.5000176429748535
2614,mr.,0,0.5753499269485474
2615,2016-07-22t18:28:16-04:00,115,0.060342106968164444
2616,male,1,0.9749788641929626
2618,2,1,0.33359602093696594
2619,['jd'],0,0.5000176429748535
2620,mr.,0,0.6538520455360413
2621,2016-07-22t18:28:16-04:00,115,0.060107722878456116
2622,female,0,0.9754741787910461
2623,s,1,0.947626531124115
2624,1,0,0.3333333432674408
2625,['jd'],0,0.5000414848327637
2626,ms.,1,0.9297226667404175
2627,2016-07-22t18:28:16-04:00,115,0.060372792184352875
2628,female,0,0.9850231409072876
2630,1,0,0.3333333432674408
2631,['jd'],0,0.5000414848327637
2632,ms.,1,0.9883474707603455
2634,male,1,0.9796793460845947
2636,1,0,0.3333333432674408
2637,['jd'],0,0.5000176429748535
2638,mr.,0,0.733096718788147
2639,2016-07-22t18:28:16-04:00,115,0.06020324304699898
2640,female,0,0.9830251932144165
2642,1,0,0.3333333432674408
2643,['jd'],0,0.500028133392334
2644,mr.,0,0.7555704116821289
2645,2016-07-22t18:28:16-04:00,115,0.06034206598997116
2646,female,0,0.9824046492576599
2647,2,1,0.33359602093696594
2648,['jd'],0,0.500028133392334
2650,female,0,0.9854211211204529
2652,1,0,0.3333333432674408
2653,['jd'],0,0.500028133392334
2654,mr.,0,0.7775275707244873
2655,2016-07-22t18:28:16-04:00,115,0.06024082377552986
2656,female,0,0.9741472601890564
2658,1,0,0.3333333432674408
2659,['jd'],0,0.500028133392334
2660,mr.,0,0.7338517308235168
2662,female,0,0.981680154800415
2664,1,0,0.3333333432674408
2665,['jd'],0,0.500028133392334
2666,mr.,0,0.5638850927352905
2667,2016-07-22t18:28:16-04:00,115,0.06031360849738121
2668,female,0,0.9824986457824707
2670,false,0,0.5
2672,['jd'],0,0.5000252723693848
2673,mr.,0,0.7770712971687317
2674,2016-07-22t18:28:16-04:00,115,0.06025972589850426
2675,female,0,0.9753137230873108
2677,1,0,0.3333333432674408
2678,['jd'],0,0.500028133392334
2679,mr.,0,0.7665268778800964
2680,2016-07-22t18:28:16-04:00,115,0.060707058757543564
2681,male,0,0.9823810458183289
2683,2,1,0.33348169922828674
2684,['jd'],0,0.5000176429748535
2685,mr.,0,0.665630042552948
2686,2016-07-22t18:28:16-04:00,115,0.0602138489484787
2687,male,1,0.970855712890625
2688,m,0,0.5929580926895142
2689,1,0,0.3333333432674408
2690,['jd'],0,0.5000176429748535
2691,ms.,2,0.5691523551940918
2692,2016-07-22t18:28:16-04:00,115,0.0601462759077549
2693,female,0,0.9713698029518127
2695,1,0,0.3333333432674408
2696,['jd'],0,0.500028133392334
2697,mr.,0,0.7873990535736084
2699,female,0,0.9797873497009277
2701,1,0,0.33382105827331543
2702,['jd'],0,0.500028133392334
2703,mr.,0,0.7193866968154907
2704,2016-07-22t18:28:16-04:00,115,0.06037386134266853
2705,female,0,0.9830251932144165
2707,1,0,0.3333333432674408
2708,['jd'],0,0.500028133392334
2709,mr.,0,0.7665268778800964
2711,female,0,0.9815655946731567
2713,1,0,0.3333333432674408
2714,['jd'],0,0.500028133392334
2715,mr.,0,0.7282586097717285
2716,2016-07-22t18:28:16-04:00,115,0.06013934314250946
2717,male,1,0.9615477323532104
2718,s,1,0.9564518928527832
2719,1,0,0.3333333432674408
2720,['jd'],0,0.5000176429748535
2721,ms.,1,0.8367735743522644
2722,2016-07-22t18:28:16-04:00,115,0.06037365272641182
2723,male,1,0.9746230840682983
2725,1,0,0.3333333432674408
2726,['jd'],0,0.5000176429748535
2727,mr.,0,0.7045914530754089
2728,2016-07-22t18:28:16-04:00,115,0.06058351695537567
2729,male,1,0.963286280632019
2731,2,1,0.33348169922828674
2732,['jd'],0,0.5000176429748535
2733,mr.,0,0.7083985805511475
2735,female,0,0.9854211211204529
2737,1,0,0.3333333432674408
2738,['jd'],0,0.500028133392334
2739,mr.,0,0.5905209183692932
2740,2016-07-22t18:28:16-04:00,115,0.060214027762413025
2741,female,0,0.9845356345176697
2743,1,0,0.3333333432674408
2744,['jd'],0,0.500028133392334
2745,mr.,0,0.7873990535736084
2747,female,0,0.9854211211204529
2749,1,0,0.3333333432674408
2750,['jd'],0,0.500028133392334
2751,mr.,0,0.6918361783027649
2753,female,0,0.983232319355011
2755,1,0,0.3333333432674408
2756,['jd'],0,0.500028133392334
2757,mr.,0,0.6121847033500671
2758,2016-07-22t18:28:16-04:00,115,0.06009227782487869
2759,male,0,0.9826517105102539
2761,1,0,0.3333333432674408
2762,['jd'],0,0.5000176429748535
2763,mr.,0,0.5508102774620056
2764,2016-07-22t18:28:16-04:00,115,0.06016732379794121
2765,female,0,0.9731138348579407
2767,1,0,0.3333333432674408
2768,['jd'],0,0.5000414848327637
2769,ms.,1,0.9703013300895691
2770,2016-07-22t18:28:16-04:00,115,0.060373611748218536
2771,female,0,0.9822147488594055
2772,1,0,0.3333333432674408
2773,['jd'],0,0.500028133392334
2774,2016-07-22t18:28:16-04:00,115,0.06021377816796303
2775,female,0,0.978511393070221
2776,m,0,0.5684950351715088
2777,1,0,0.3333333432674408
2778,['jd'],0,0.500028133392334
2779,ms.,2,0.5129939317703247
2780,2016-07-22t18:28:16-04:00,115,0.060346100479364395
2781,male,1,0.9787822365760803
2782,m,0,0.57598876953125
2783,1,0,0.3333333432674408
2784,['jd'],0,0.5000176429748535
2785,ms.,2,0.5590096116065979
2786,2016-07-22t18:28:16-04:00,115,0.06034580245614052
2787,female,0,0.9763346910476685
2788,m,0,0.5732753276824951
2789,1,0,0.3333333432674408
2790,['jd'],0,0.5042670965194702
2791,ms.,2,0.4921831488609314
2792,2016-07-22t18:28:16-04:00,115,0.060373611748218536
2793,female,0,0.9724842309951782
2794,s,1,0.9412891268730164
2795,1,0,0.3333333432674408
2796,['jd'],0,0.500028133392334
2797,ms.,1,0.8028404116630554
2798,2016-07-22t18:28:16-04:00,115,0.06016090139746666
2799,female,0,0.9722470641136169
2800,s,1,0.9321775436401367
2801,1,0,0.3333333432674408
2802,['jd'],0,0.500028133392334
2803,ms.,1,0.8307116031646729
2804,2016-07-22t18:28:16-04:00,115,0.060240816324949265
2805,female,0,0.9845356345176697
2807,1,0,0.3333333432674408
2808,['jd'],0,0.500028133392334
2809,mr.,0,0.7873990535736084
2810,2016-07-22t18:28:16-04:00,115,0.06037386134266853
2811,female,0,0.9845356345176697
2813,1,0,0.3333333432674408
2814,['jd'],0,0.500028133392334
2815,mr.,0,0.7873990535736084
2816,2016-07-22t18:28:16-04:00,115,0.060706689953804016
2817,male,1,0.9755361676216125
2818,m,0,0.5781483054161072
2819,2,1,0.33348169922828674
2820,['jd'],0,0.5000176429748535
2821,ms.,2,0.5547522306442261
2822,2016-07-22t18:28:16-04:00,115,0.06037365272641182
2823,male,0,0.984491765499115
2825,1,0,0.3333333432674408
2826,['jd'],0,0.5000176429748535
2827,mr.,0,0.7442909479141235
2828,2016-07-22t18:28:16-04:00,115,0.06070680543780327
2829,male,0,0.982383131980896
2830,s,1,0.9468795657157898
2831,2,1,0.33348169922828674
2832,['jd'],0,0.5000176429748535
2833,mr.,0,0.5502656102180481
2835,male,1,0.9810787439346313
2837,1,0,0.3333333432674408
2838,['jd'],0,0.5000176429748535
2839,mr.,0,0.6715770363807678
2840,2016-07-22t18:28:16-04:00,115,0.06037365272641182
2841,male,1,0.9759008884429932
2843,1,0,0.3333333432674408
2844,['jd'],0,0.5000176429748535
2845,mr.,0,0.6073316335678101
2846,2016-07-22t18:28:16-04:00,115,0.0601072683930397
2847,male,1,0.9781585931777954
2849,1,0,0.3333333432674408
2850,['jd'],0,0.5000176429748535
2851,mr.,0,0.6145521402359009
2853,female,0,0.9854211211204529
2855,1,0,0.3333333432674408
2856,['jd'],0,0.500028133392334
2857,mr.,0,0.6653078198432922
2859,female,0,0.9734277725219727
2860,s,1,0.8932148814201355
2861,1,0,0.3333333432674408
2862,['jd'],0,0.5000414848327637
2863,ms.,1,0.9595863819122314
2865,male,1,0.9715418219566345
2867,1,0,0.3333333432674408
2868,['jd'],0,0.5000176429748535
2869,mr.,0,0.5780364871025085
2870,2016-07-22t18:28:16-04:00,115,0.06037365272641182
2871,male,1,0.9771876931190491
2873,1,0,0.3333333432674408
2874,['jd'],0,0.5046910047531128
2875,mr.,0,0.5997672080993652
2877,male,1,0.9827594757080078
2879,1,0,0.3333333432674408
2880,['jd'],0,0.5000176429748535
2881,mr.,0,0.6780622005462646
2882,2016-07-22t18:28:16-04:00,115,0.07464932650327682
2883,male,1,0.9774572849273682
2884,m,0,0.5756903290748596
2885,2,1,0.33348169922828674
2886,['jd'],0,0.5000176429748535
2887,ms.,2,0.5704452395439148
2888,2016-07-22t18:28:16-04:00,115,0.06029363349080086
2889,male,1,0.9731394648551941
2891,1,0,0.3333333432674408
2892,['jd'],0,0.5000176429748535
2893,ms.,1,0.5205672383308411
2894,2016-07-22t18:28:16-04:00,115,0.060581956058740616
2895,female,0,0.9819992780685425
2897,2,1,0.33348169922828674
2898,['jd'],0,0.500028133392334
2899,mr.,0,0.6748666763305664
2901,female,0,0.9782770276069641
2903,1,0,0.3333333432674408
2904,['jd'],0,0.500028133392334
2905,mr.,0,0.7775275707244873
2906,2016-07-22t18:28:16-04:00,115,0.06034630164504051
2907,female,0,0.9823794364929199
2908,s,0,0.6833199262619019
2909,1,0,0.3333333432674408
2910,['jd'],0,0.500028133392334
2911,ms.,0,0.4771082103252411
2912,2016-07-22t18:28:16-04:00,115,0.06037365272641182
2913,male,0,0.984491765499115
2915,1,0,0.3333333432674408
2916,['jd'],0,0.5000176429748535
2917,mr.,0,0.7442909479141235
2918,2016-07-22t18:28:16-04:00,115,0.06037386134266853
2919,female,0,0.9760063886642456
2921,1,0,0.3333333432674408
2922,['jd'],0,0.500028133392334
2923,mr.,0,0.7873990535736084
2924,2016-07-22t18:28:16-04:00,115,0.06037386134266853
2925,female,0,0.9684841632843018
2927,1,0,0.3333333432674408
2928,['jd'],0,0.500028133392334
2929,mr.,0,0.7689542174339294
2930,2016-07-22t18:28:16-04:00,115,0.06037386134266853
2931,female,0,0.9756178259849548
2933,1,0,0.3333333432674408
2934,['jd'],0,0.500028133392334
2935,mr.,0,0.7873990535736084
2936,2016-07-22t18:28:16-04:00,115,0.06037386134266853
2937,female,0,0.9845356345176697
2939,1,0,0.3333333432674408
2940,['jd'],0,0.500028133392334
2941,mr.,0,0.7873990535736084
2942,2016-07-22t18:28:16-04:00,115,0.06944489479064941
2943,male,1,0.9743530750274658
2944,s,1,0.9380562901496887
2945,1,0,0.3333333432674408
2946,['jd'],0,0.5000176429748535
2947,ms.,1,0.5300483703613281
2948,2016-07-22t18:28:16-04:00,115,0.06018716096878052
2949,male,1,0.9744822382926941
2950,m,0,0.5709065198898315
2951,1,0,0.3333333432674408
2952,['jd'],0,0.5000176429748535
2953,ms.,2,0.5418635010719299
2954,2016-07-22t18:28:16-04:00,115,0.06014009565114975
2955,male,1,0.9817173480987549
2956,s,1,0.9627235531806946
2957,1,0,0.3333333432674408
2958,['jd'],0,0.5000176429748535
2959,mr.,0,0.5292182564735413
2960,2016-07-22t18:28:16-04:00,115,0.06021381914615631
2961,male,1,0.970499575138092
2963,1,0,0.3333333432674408
2964,['jd'],0,0.5000176429748535
2965,mr.,0,0.7015282511711121
2966,2016-07-22t18:28:16-04:00,115,0.060373395681381226
2967,male,1,0.9597241282463074
2968,s,1,0.9443112015724182
2969,1,0,0.3333333432674408
2970,['jd'],0,0.5000176429748535
2971,ms.,1,0.833407461643219
2972,2016-07-22t18:28:16-04:00,115,0.060706909745931625
2973,female,0,0.981997549533844
2974,m,0,0.5830942392349243
2975,2,1,0.33348169922828674
2976,['jd'],0,0.500028133392334
2977,ms.,2,0.4898359477519989
2978,2016-07-22t18:28:16-04:00,115,0.06024892255663872
2979,female,0,0.9845342636108398
2980,m,0,0.5751574039459229
2981,1,0,0.3333333432674408
2982,['jd'],0,0.500028133392334
2983,ms.,2,0.48038920760154724
2985,female,0,0.9858810901641846
2987,1,0,0.3333333432674408
2988,['jd'],0,0.5000414848327637
2989,ms.,1,0.9791939854621887
2990,2016-07-22t18:28:16-04:00,115,0.060240574181079865
2991,female,0,0.9799897074699402
2992,m,0,0.5707591772079468
2993,1,0,0.3333333432674408
2994,['jd'],0,0.500028133392334
2995,ms.,2,0.5039113759994507
2996,2016-07-22t18:28:16-04:00,115,0.060301221907138824
2997,male,1,0.9801495671272278
2999,1,0,0.3333333432674408
3000,['jd'],0,0.5000176429748535
3001,mr.,0,0.7442909479141235
3003,female,0,0.9756126999855042
3005,1,0,0.3333333432674408
3006,['jd'],0,0.500028133392334
3007,mr.,0,0.7223706245422363
3008,2016-07-22t18:28:16-04:00,115,0.060300957411527634
3009,male,1,0.97718346118927
3010,m,0,0.5690914392471313
3011,1,0,0.3333333432674408
3012,['jd'],0,0.5000176429748535
3013,ms.,2,0.558104395866394
3014,2016-07-22t18:28:16-04:00,115,0.060706689953804016
3015,male,1,0.9774572849273682
3016,m,0,0.578163743019104
3017,2,1,0.33348169922828674
3018,['jd'],0,0.5000176429748535
3019,ms.,2,0.5563549995422363
3020,2016-07-22t18:28:16-04:00,115,0.06023506447672844
3021,male,1,0.980663001537323
3022,m,0,0.5842918753623962
3023,1,0,0.3333333432674408
3024,['jd'],0,0.5000176429748535
3025,ms.,1,0.875682532787323
3027,male,0,0.9853796362876892
3029,1,0,0.3333333432674408
3030,['jd'],0,0.5000176429748535
3031,mr.,0,0.733096718788147
3033,male,0,0.9853796362876892
3035,1,0,0.3333333432674408
3036,['jd'],0,0.5000176429748535
3037,mr.,0,0.733096718788147
3038,2016-07-22t18:28:16-04:00,115,0.06016813591122627
3039,female,0,0.9822147488594055
3040,m,0,0.5695936679840088
3041,1,0,0.3333333432674408
3042,['jd'],0,0.500028133392334
3043,ms.,1,0.8363342881202698
3044,2016-07-22t18:28:16-04:00,115,0.060297559946775436
3045,female,0,0.9730793833732605
3046,s,1,0.9398486614227295
3047,1,0,0.3333333432674408
3048,['jd'],0,0.500028133392334
3049,ms.,2,0.490355908870697
3051,female,0,0.9828081727027893
3053,1,0,0.3333333432674408
3054,['jd'],0,0.500028133392334
3055,mr.,0,0.6595268249511719
3057,female,0,0.9787433743476868
3059,1,0,0.3333333432674408
3060,['jd'],0,0.500028133392334
3061,mr.,0,0.7604057788848877
3062,2016-07-22t18:28:16-04:00,115,0.06031497195363045
3063,female,0,0.9709426760673523
3065,1,0,0.3333333432674408
3066,['jd'],0,0.500028133392334
3067,mr.,0,0.770254909992218
3069,female,0,0.9854211211204529
3071,1,0,0.3333333432674408
3072,['jd'],0,0.500028133392334
3073,mr.,0,0.7775275707244873
3074,2016-07-22t18:28:16-04:00,115,0.060373395681381226
3075,male,1,0.97718346118927
3076,m,0,0.5701932311058044
3077,2,1,0.3406814634799957
3078,['jd'],0,0.5000176429748535
3079,ms.,2,0.5468640327453613
3080,2016-07-22t18:28:16-04:00,115,0.06037386134266853
3081,female,0,0.9845356345176697
3083,1,0,0.3333333432674408
3084,['jd'],0,0.500028133392334
3085,mr.,0,0.7040627598762512
3086,2016-07-22t18:28:16-04:00,115,0.06018112227320671
3087,female,0,0.9780818223953247
3089,3,2,0.33699777722358704
3090,['jd'],0,0.5000414848327637
3091,ms.,1,0.9551044702529907
3093,female,0,0.974906325340271
3095,1,0,0.3333333432674408
3096,['jd'],0,0.5000414848327637
3097,ms.,1,0.9802215695381165
3098,2016-07-22t18:28:16-04:00,115,0.06016164645552635
3099,female,0,0.9845356345176697
3101,1,0,0.3333333432674408
3102,['jd'],0,0.500028133392334
3103,mr.,0,0.7873990535736084
3104,2016-07-22t18:28:16-04:00,115,0.060707058757543564
3105,male,0,0.9823810458183289
3107,2,1,0.33348169922828674
3108,['jd'],0,0.5000176429748535
3109,mr.,0,0.7083985805511475
3110,2016-07-22t18:28:16-04:00,115,0.060707058757543564
3111,male,1,0.9774616360664368
3113,2,1,0.33348169922828674
3114,['jd'],0,0.5000176429748535
3115,mr.,0,0.665630042552948
3116,2016-07-22t18:28:16-04:00,115,0.06031826511025429
3117,female,0,0.9759888052940369
3119,1,0,0.3333333432674408
3120,['jd'],0,0.500028133392334
3121,mr.,0,0.7643293142318726
3122,2016-07-22t18:28:16-04:00,115,0.060373395681381226
3123,male,1,0.970855712890625
3124,m,0,0.5677874088287354
3125,1,0,0.3333333432674408
3126,['jd'],0,0.5000176429748535
3127,ms.,2,0.5604718327522278
3129,male,1,0.9812814593315125
3131,1,0,0.3333333432674408
3132,['jd'],0,0.5000176429748535
3133,mr.,0,0.6484255194664001
3134,2016-07-22t18:28:16-04:00,115,0.060161396861076355
3135,female,0,0.9845342636108398
3136,m,0,0.5727076530456543
3137,1,0,0.3333333432674408
3138,['jd'],0,0.500028133392334
3139,ms.,2,0.4946192502975464
3140,2016-07-22t18:28:16-04:00,115,0.060264039784669876
3141,female,0,0.9719282984733582
3143,1,0,0.3333333432674408
3144,['jd'],0,0.500028133392334
3145,mr.,0,0.6257615685462952
3146,2016-07-22t18:28:16-04:00,115,0.06008416414260864
3147,female,0,0.9709426760673523
3149,1,0,0.3333333432674408
3150,['jd'],0,0.500028133392334
3151,mr.,0,0.7873990535736084
3152,2016-07-22t18:28:16-04:00,115,0.060373611748218536
3153,female,0,0.9802037477493286
3154,1,0,0.3333333432674408
3155,['jd'],0,0.500028133392334
